dataset_id	concept_id_1	concept_id_2	concept_count	concept_prevalence	chi_square_t	chi_square_p	expected_count	ln_ratio	rel_freq_1	rel_freq_2
8507	961460	40	2.234099e-05	2.020565e-01	6.530660e-01	3.789460e+01	5.407078e-02	5.306004e-05	4.444444e-01
1	8507	904598	41	2.289951e-05	1.828768e+01	1.899313e-05	6.778923e+01	-5.028313e-01	5.438654e-05	2.546584e-01
1	8507	948491	41	2.289951e-05	1.763285e+00	1.842152e-01	4.799983e+01	-1.576254e-01	5.438654e-05	3.596491e-01
1	8507	903649	42	2.345804e-05	1.861664e+00	1.724329e-01	3.578935e+01	1.600194e-01	5.571304e-05	4.941176e-01
1	8507	937798	42	2.345804e-05	8.777082e+00	3.050388e-03	5.936821e+01	-3.460893e-01	5.571304e-05	2.978723e-01
1	8507	940093	43	2.401656e-05	1.969681e-01	6.571794e-01	4.084196e+01	5.149014e-02	5.703954e-05	4.432990e-01
1	8507	974702	43	2.401656e-05	5.401787e-03	9.414108e-01	4.336827e+01	-8.527874e-03	5.703954e-05	4.174757e-01
1	8507	958211	44	2.457509e-05	4.166835e+00	4.122273e-02	5.557875e+01	-2.336113e-01	5.836604e-05	3.333333e-01
1	8507	929639	45	2.513361e-05	7.774534e+00	5.298788e-03	3.284199e+01	3.149547e-01	5.969254e-05	5.769231e-01
1	8507	993601	45	2.513361e-05	3.302383e+00	6.917947e-02	3.663145e+01	2.057554e-01	5.969254e-05	5.172414e-01
1	8507	903679	46	2.569214e-05	3.046182e+01	3.405030e-08	8.463128e+01	-6.096625e-01	6.101904e-05	2.288557e-01
1	8507	918225	46	2.569214e-05	2.065198e+00	1.506953e-01	3.915776e+01	1.610429e-01	6.101904e-05	4.946237e-01
1	8507	965013	46	2.569214e-05	1.330160e+00	2.487767e-01	4.042091e+01	1.292942e-01	6.101904e-05	4.791667e-01
1	8507	974883	46	2.569214e-05	9.049322e-02	7.635511e-01	4.757878e+01	-3.374542e-02	6.101904e-05	4.070796e-01
1	8507	921023	47	2.625066e-05	2.712972e+00	9.953539e-02	3.915776e+01	1.825491e-01	6.234555e-05	5.053763e-01
1	8507	966282	47	2.625066e-05	8.421563e+00	3.707968e-03	3.410514e+01	3.206994e-01	6.234555e-05	5.802469e-01
1	8507	968667	47	2.625066e-05	4.613086e+00	3.172889e-02	3.705250e+01	2.378118e-01	6.234555e-05	5.340909e-01
1	8507	901659	48	2.680919e-05	1.432190e+00	2.314073e-01	5.473665e+01	-1.313324e-01	6.367205e-05	3.692308e-01
1	8507	915670	48	2.680919e-05	2.944993e-01	5.873516e-01	5.094719e+01	-5.958854e-02	6.367205e-05	3.966942e-01
1	8507	916232	48	2.680919e-05	4.369002e+01	3.847285e-11	2.357886e+01	7.108503e-01	6.367205e-05	8.571429e-01
1	8507	919010	48	2.680919e-05	2.598604e-02	8.719344e-01	4.715773e+01	1.770314e-02	6.367205e-05	4.285714e-01
1	8507	975490	48	2.680919e-05	1.108724e+01	8.692367e-04	6.905239e+01	-3.636644e-01	6.367205e-05	2.926829e-01
1	8507	959200	49	2.736771e-05	3.363213e+00	6.666786e-02	5.978926e+01	-1.990058e-01	6.499855e-05	3.450704e-01
1	8507	919345	51	2.848476e-05	8.102181e+01	2.232407e-19	2.021045e+01	9.256256e-01	6.765155e-05	1.062500e+00
1	8507	938301	51	2.848476e-05	4.406333e-01	5.068169e-01	5.473665e+01	-7.070782e-02	6.765155e-05	3.923077e-01
1	8507	997881	51	2.848476e-05	4.559868e-03	9.461623e-01	5.136824e+01	-7.194414e-03	6.765155e-05	4.180328e-01
1	8507	921959	53	2.960181e-05	4.563852e+01	1.422171e-11	2.652622e+01	6.921582e-01	7.030455e-05	8.412698e-01
1	8507	974473	53	2.960181e-05	5.019218e+00	2.506748e-02	6.694713e+01	-2.336113e-01	7.030455e-05	3.333333e-01
1	8507	992591	53	2.960181e-05	9.071920e+00	2.595644e-03	3.873670e+01	3.135043e-01	7.030455e-05	5.760870e-01
1	8507	993537	53	2.960181e-05	3.980330e+00	4.603456e-02	6.526293e+01	-2.081322e-01	7.030455e-05	3.419355e-01
1	8507	907210	54	3.016034e-05	2.761638e+00	9.654935e-02	4.547352e+01	1.718538e-01	7.163105e-05	5.000000e-01
1	8507	928111	54	3.016034e-05	6.791351e+00	9.160054e-03	4.126301e+01	2.690176e-01	7.163105e-05	5.510204e-01
1	8507	974852	54	3.016034e-05	3.590208e+00	5.812098e-02	6.568398e+01	-1.958710e-01	7.163105e-05	3.461538e-01
1	8507	993733	54	3.016034e-05	1.038858e+01	1.267973e-03	3.873670e+01	3.321965e-01	7.163105e-05	5.869565e-01
1	8507	923754	56	3.127739e-05	1.901427e+00	1.679186e-01	6.442082e+01	-1.400852e-01	7.428405e-05	3.660131e-01
1	8507	947417	56	3.127739e-05	5.303352e+00	2.128443e-02	7.073659e+01	-2.336113e-01	7.428405e-05	3.333333e-01
1	8507	968205	601	3.356734e-04	4.863497e+00	2.743068e-02	5.612612e+02	6.840861e-02	7.972271e-04	4.508627e-01
1	8507	920340	602	3.362319e-04	3.691265e+03	0.000000e+00	3.219357e+03	-1.676679e+00	7.985536e-04	7.873398e-02
1	8507	925049	602	3.362319e-04	7.981962e+02	1.331162e-175	2.572622e+02	8.501615e-01	7.985536e-04	9.852700e-01
1	8507	929519	628	3.507535e-04	2.242098e+01	2.189693e-06	5.439981e+02	1.435945e-01	8.330426e-04	4.860681e-01
1	8507	929953	638	3.563388e-04	1.204548e+00	2.724146e-01	6.172610e+02	3.304640e-02	8.463076e-04	4.351978e-01
1	8507	950669	641	3.580144e-04	8.189865e+00	4.212506e-03	6.985238e+02	-8.593984e-02	8.502871e-04	3.863773e-01
1	8507	967016	645	3.602485e-04	4.626130e+01	1.034878e-11	5.263139e+02	2.033525e-01	8.555931e-04	5.160000e-01
1	8507	917207	659	3.680678e-04	4.629411e-01	4.962526e-01	6.724187e+02	-2.015762e-02	8.741641e-04	4.126487e-01
1	8507	997973	664	3.708604e-04	9.437314e+01	2.613146e-22	4.989456e+02	2.857851e-01	8.807966e-04	5.603376e-01
1	8507	932749	669	3.736530e-04	8.953905e+01	3.006459e-21	5.069456e+02	2.773804e-01	8.874291e-04	5.556478e-01
1	8507	916010	677	3.781212e-04	2.440741e+00	1.182204e-01	7.086291e+02	-4.566092e-02	8.980412e-04	4.022579e-01
1	8507	975171	677	3.781212e-04	1.069720e+00	3.010087e-01	6.568398e+02	3.023117e-02	8.980412e-04	4.339744e-01
1	8507	998014	746	4.166595e-04	1.397276e+01	1.854788e-04	8.277865e+02	-1.040297e-01	9.895697e-04	3.794507e-01
1	8507	992673	767	4.283885e-04	1.682996e+02	1.740047e-38	5.381033e+02	3.544362e-01	1.017426e-03	6.001565e-01
1	8507	959113	772	4.311811e-04	2.960733e+01	5.290447e-08	6.652608e+02	1.488054e-01	1.024059e-03	4.886076e-01
1	8507	951553	775	4.328567e-04	2.143724e+02	1.527456e-48	5.208403e+02	3.974197e-01	1.028038e-03	6.265158e-01
1	8507	911065	796	4.445857e-04	3.235547e+01	1.283951e-08	6.829449e+02	1.531849e-01	1.055895e-03	4.907522e-01
1	8507	920949	797	4.451442e-04	1.204318e+01	5.198224e-04	7.258922e+02	9.345323e-02	1.057221e-03	4.622970e-01
1	8507	998001	800	4.468198e-04	1.469458e+01	1.264092e-04	7.216816e+02	1.030276e-01	1.061201e-03	4.667445e-01
1	8507	998000	821	4.585488e-04	6.970627e+01	6.882685e-17	6.581029e+02	2.211618e-01	1.089057e-03	5.252719e-01
1	8507	968640	832	4.646926e-04	1.537639e+01	8.808208e-05	7.503131e+02	1.033418e-01	1.103649e-03	4.668911e-01
1	8507	915679	835	4.663682e-04	2.788593e+01	1.286820e-07	7.267343e+02	1.388709e-01	1.107628e-03	4.837775e-01
1	8507	950137	847	4.730705e-04	2.174216e+01	3.118618e-06	7.498921e+02	1.217714e-01	1.123546e-03	4.755755e-01
1	8507	915672	848	4.736290e-04	2.691290e+01	2.128338e-07	7.406289e+02	1.353809e-01	1.124873e-03	4.820921e-01
1	8507	938045	850	4.747460e-04	1.052450e+01	1.178020e-03	7.810499e+02	8.459737e-02	1.127526e-03	4.582210e-01
1	8507	8657	857	4.786557e-04	6.394163e+00	1.144962e-02	8.025235e+02	6.567683e-02	1.136811e-03	4.496327e-01
1	8507	987273	860	4.803313e-04	1.238259e+02	9.196916e-29	6.450503e+02	2.876040e-01	1.140791e-03	5.613577e-01
1	8507	922723	903	5.043478e-04	1.984988e-02	8.879572e-01	8.997863e+02	3.565296e-03	1.197830e-03	4.225550e-01
1	8507	902807	915	5.110501e-04	5.799017e+01	2.634313e-14	7.557868e+02	1.911648e-01	1.213748e-03	5.097493e-01
1	8507	967564	927	5.177524e-04	8.764597e+01	7.828398e-21	1.170522e+03	-2.332516e-01	1.229666e-03	3.334532e-01
1	8507	950664	930	5.194280e-04	2.412192e+02	2.132423e-54	6.328399e+02	3.849672e-01	1.233646e-03	6.187625e-01
1	8507	961168	953	5.322741e-04	1.751135e+01	2.855976e-05	1.056417e+03	-1.030236e-01	1.264155e-03	3.798326e-01
1	8507	951535	959	5.356252e-04	8.989865e+00	2.714810e-03	8.909442e+02	7.360928e-02	1.272114e-03	4.532136e-01
1	8507	989485	978	5.462372e-04	1.103005e+03	7.339540e-242	4.450510e+02	7.873207e-01	1.297318e-03	9.252602e-01
1	8507	942382	980	5.473542e-04	9.712346e+01	6.513642e-23	7.717867e+02	2.388443e-01	1.299971e-03	5.346427e-01
1	8507	996419	1039	5.803072e-04	1.379697e+03	5.425332e-302	4.437879e+02	8.506673e-01	1.378235e-03	9.857685e-01
1	8507	916011	1100	6.143772e-04	1.500278e+01	1.073529e-04	1.202101e+03	-8.876067e-02	1.459151e-03	3.852890e-01
1	8507	976547	1119	6.249892e-04	2.349044e+02	5.079574e-53	7.911551e+02	3.466967e-01	1.484355e-03	5.955295e-01
1	8507	915627	1166	6.512398e-04	5.213564e+00	2.241134e-02	1.108207e+03	5.083607e-02	1.546700e-03	4.430091e-01
1	8507	915673	1173	6.551495e-04	2.542547e+00	1.108159e-01	1.132206e+03	3.539619e-02	1.555986e-03	4.362216e-01
1	8507	986148	1201	6.707882e-04	8.369158e+00	3.816424e-03	1.127154e+03	6.345878e-02	1.593128e-03	4.486365e-01
1	8507	950662	1203	6.719053e-04	2.697334e+02	1.297250e-60	8.408391e+02	3.581734e-01	1.595781e-03	6.024036e-01
1	8507	904996	1257	7.020656e-04	1.450231e+02	2.122757e-33	1.626099e+03	-2.574563e-01	1.667412e-03	3.254790e-01
1	8507	951530	1262	7.048582e-04	2.657774e+02	9.445737e-60	8.917863e+02	3.472265e-01	1.674044e-03	5.958451e-01
1	8507	974199	1270	7.093264e-04	3.840521e-04	9.843647e-01	1.269469e+03	4.180684e-04	1.684656e-03	4.212272e-01
1	8507	939832	1294	7.227310e-04	2.289381e+02	1.016089e-51	9.410493e+02	3.184980e-01	1.716492e-03	5.789709e-01
1	8507	954692	1294	7.227310e-04	1.497142e+01	1.091521e-04	1.192417e+03	8.175602e-02	1.716492e-03	4.569209e-01
1	8507	923682	1303	7.277577e-04	6.700755e+00	9.637208e-03	1.375995e+03	-5.450788e-02	1.728431e-03	3.987148e-01
1	8507	906933	1358	7.584766e-04	2.035391e+02	3.528282e-46	1.820625e+03	-2.931669e-01	1.801388e-03	3.140611e-01
1	8507	961082	1395	7.791420e-04	8.460113e+01	3.650559e-20	1.681678e+03	-1.868978e-01	1.850469e-03	3.492739e-01
1	8507	904549	1404	7.841687e-04	2.003594e+02	1.743446e-45	1.869046e+03	-2.861028e-01	1.862407e-03	3.162875e-01
1	8507	970283	1473	8.227069e-04	5.292361e+02	4.141318e-117	2.313676e+03	-4.515365e-01	1.953936e-03	2.680619e-01
1	8507	948079	1491	8.327604e-04	2.907019e+00	8.819476e-02	1.541889e+03	-3.356141e-02	1.977813e-03	4.071546e-01
1	8507	974201	1580	8.824691e-04	5.956584e+01	1.182707e-14	1.363364e+03	1.474700e-01	2.095872e-03	4.879555e-01
1	8507	974200	1582	8.835861e-04	5.197310e+01	5.626625e-13	1.378521e+03	1.376784e-01	2.098525e-03	4.832010e-01
1	8507	917310	1668	9.316193e-04	3.133878e-01	5.756087e-01	1.685468e+03	-1.041778e-02	2.212604e-03	4.166875e-01
1	8507	922806	1708	9.539602e-04	7.128196e+01	3.096545e-17	1.994519e+03	-1.550799e-01	2.265664e-03	3.605658e-01
1	8507	907016	1778	9.930570e-04	2.480118e+02	7.045129e-56	1.339785e+03	2.829802e-01	2.358519e-03	5.587681e-01
1	8507	951536	1835	1.024893e-03	1.128647e+01	7.807405e-04	1.728836e+03	5.959616e-02	2.434129e-03	4.469070e-01
1	8507	997893	1891	1.056170e-03	2.578717e+02	4.993953e-58	2.501044e+03	-2.796023e-01	2.508413e-03	3.183502e-01
1	8507	961269	1997	1.115374e-03	7.961950e+01	4.539226e-19	2.323781e+03	-1.515496e-01	2.649022e-03	3.618409e-01
1	8507	923115	2010	1.122635e-03	1.526907e+02	4.475838e-35	1.630731e+03	2.091063e-01	2.666267e-03	5.189775e-01
1	8507	902741	2057	1.148885e-03	4.198677e+00	4.045553e-02	2.128835e+03	-3.432605e-02	2.728612e-03	4.068434e-01
1	8507	982109	2142	1.196360e-03	2.140693e+02	1.778644e-48	1.685468e+03	2.396969e-01	2.841365e-03	5.350987e-01
1	8507	907020	2234	1.247744e-03	4.397218e+02	1.244506e-97	1.597047e+03	3.356374e-01	2.963403e-03	5.889797e-01
1	8507	905236	2271	1.268410e-03	7.420126e+00	6.449829e-03	2.371781e+03	-4.342090e-02	3.012484e-03	4.031600e-01
1	8507	998012	2357	1.316443e-03	1.549967e-02	9.009213e-01	2.352413e+03	1.948152e-03	3.126563e-03	4.218722e-01
1	8507	997892	2709	1.513044e-03	1.879862e+01	1.452723e-05	2.885884e+03	-6.325186e-02	3.593491e-03	3.952437e-01
1	8507	989898	2808	1.568337e-03	1.127992e+02	2.387768e-26	3.269041e+03	-1.520242e-01	3.724815e-03	3.616692e-01
1	8507	942384	2855	1.594588e-03	6.459796e+02	1.672927e-142	1.992835e+03	3.595136e-01	3.787160e-03	6.032115e-01
1	8507	929889	2856	1.595147e-03	3.115414e+00	7.755478e-02	2.785253e+03	2.508324e-02	3.788487e-03	4.317460e-01
1	8507	968304	2892	1.615254e-03	3.465878e+02	2.345289e-77	2.224834e+03	2.622659e-01	3.836241e-03	5.473126e-01
1	8507	915759	2900	1.619722e-03	1.431624e+02	5.416490e-33	2.450097e+03	1.685833e-01	3.846853e-03	4.983674e-01
1	8507	922802	2934	1.638712e-03	1.501300e+02	1.623882e-34	3.482935e+03	-1.715086e-01	3.891954e-03	3.546905e-01
1	8507	915743	3100	1.731427e-03	1.315889e+02	1.840428e-30	2.651359e+03	1.563298e-01	4.112153e-03	4.922979e-01
1	8507	953113	3185	1.778901e-03	1.516060e+02	7.725690e-35	3.757881e+03	-1.654030e-01	4.224906e-03	3.568627e-01
1	8507	989486	3249	1.814647e-03	4.415115e+03	0.000000e+00	1.375574e+03	8.594761e-01	4.309802e-03	9.944904e-01
1	8507	950641	3377	1.886138e-03	5.541959e+02	1.538888e-122	2.485465e+03	3.065280e-01	4.479594e-03	5.720820e-01
1	8507	939510	3459	1.931937e-03	6.070384e+02	4.930636e-134	2.519570e+03	3.168913e-01	4.588367e-03	5.780414e-01
1	8507	948637	3487	1.947576e-03	1.295405e+02	5.165212e-30	3.012621e+03	1.462314e-01	4.625509e-03	4.873515e-01
1	8507	968985	3602	2.011806e-03	1.140620e+04	0.000000e+00	1.267280e+04	-1.257968e+00	4.778056e-03	1.196757e-01
1	8507	956877	3754	2.096702e-03	6.728702e+02	2.373645e-148	2.725464e+03	3.201833e-01	4.979685e-03	5.799475e-01
1	8507	915626	3903	2.179922e-03	8.791412e+01	6.835897e-21	3.482935e+03	1.138702e-01	5.177333e-03	4.718327e-01
1	8507	906891	4007	2.238009e-03	1.211672e+03	1.773037e-265	6.060610e+03	-4.137676e-01	5.315289e-03	2.783799e-01
1	8507	967434	4353	2.431258e-03	5.567004e+03	0.000000e+00	9.989438e+03	-8.306631e-01	5.774259e-03	1.834773e-01
1	8507	903963	4610	2.574799e-03	5.147139e+01	7.264826e-13	4.994509e+03	-8.011116e-02	6.115169e-03	3.886360e-01
1	8507	968005	5363	2.995368e-03	5.010390e+02	5.648017e-111	4.255143e+03	2.313952e-01	7.114025e-03	5.306748e-01
1	8507	953102	6003	3.352824e-03	2.132804e+02	2.643625e-48	6.923344e+03	-1.426395e-01	7.962985e-03	3.650794e-01
1	8507	997899	6151	3.435486e-03	3.329872e+01	7.903468e-09	6.503556e+03	-5.573440e-02	8.159307e-03	3.982261e-01
1	8507	961050	6279	3.506977e-03	2.123550e+02	4.208179e-48	7.216395e+03	-1.391448e-01	8.329100e-03	3.663574e-01
1	8507	987250	6777	3.785122e-03	5.411275e+02	1.071859e-119	5.472402e+03	2.138170e-01	8.989697e-03	5.214280e-01
1	8507	8515	8907	4.974780e-03	2.520456e+02	9.300112e-57	1.011365e+04	-1.270483e-01	1.181514e-02	3.708160e-01
1	8507	993653	13083	7.307179e-03	6.835098e+02	1.152586e-150	1.101091e+04	1.724272e-01	1.735461e-02	5.002868e-01
1	8507	957136	14123	7.888045e-03	1.330180e+03	3.123604e-291	1.120712e+04	2.312556e-01	1.873417e-02	5.306007e-01
1	8507	8552	14273	7.971824e-03	7.385644e+01	8.401004e-18	1.351953e+04	5.423427e-02	1.893315e-02	4.445171e-01
1	8507	968477	15881	8.869931e-03	3.449416e+02	5.354332e-77	1.774099e+04	-1.107543e-01	2.106616e-02	3.769076e-01
1	8507	938330	32777	1.830677e-02	1.367376e+03	2.580533e-299	3.813039e+04	-1.512846e-01	4.347872e-02	3.619368e-01
1	8507	8516	43498	2.429471e-02	8.824868e+01	5.772162e-21	4.496784e+04	-3.323261e-02	5.770014e-02	4.072885e-01
1	8507	8527	182994	1.022067e-01	5.958188e+02	1.359075e-131	1.761699e+05	3.800450e-02	2.427417e-01	4.373609e-01
1	8515	968464	4	2.234099e-06	2.752847e+00	9.708141e-02	8.921483e+00	-8.021678e-01	1.665279e-04	6.015038e-03
1	8515	939543	7	3.909673e-06	2.549837e-02	8.731315e-01	7.432333e+00	-5.992970e-02	2.914238e-04	1.263538e-02
1	8515	964369	8	4.468198e-06	9.650835e-02	7.560607e-01	8.921483e+00	-1.090207e-01	3.330558e-04	1.203008e-02
1	8515	981805	8	4.468198e-06	1.502729e+00	2.202519e-01	5.218732e+00	4.271870e-01	3.330558e-04	2.056555e-02
1	8515	908984	9	5.026723e-06	6.569741e+00	1.037271e-02	3.944235e+00	8.249696e-01	3.746878e-04	3.061224e-02
1	8515	968665	9	5.026723e-06	7.224255e-01	3.953495e-01	1.191320e+01	-2.804223e-01	3.746878e-04	1.013514e-02
1	8515	981655	9	5.026723e-06	2.124696e-01	6.448386e-01	7.727480e+00	1.524418e-01	3.746878e-04	1.562500e-02
1	8515	998000	9	5.026723e-06	6.930663e+00	8.473026e-03	2.096884e+01	-8.458129e-01	3.746878e-04	5.758157e-03
1	8515	902427	10	5.585247e-06	3.196637e-01	5.718098e-01	1.194003e+01	-1.773115e-01	4.163197e-04	1.123596e-02
1	8515	903753	10	5.585247e-06	4.404797e+00	3.583798e-02	5.232148e+00	6.477632e-01	4.163197e-04	2.564103e-02
1	8515	904992	10	5.585247e-06	5.056651e+00	2.453159e-02	5.004080e+00	6.923315e-01	4.163197e-04	2.680965e-02
1	8515	908983	10	5.585247e-06	4.124143e+00	4.227542e-02	5.339474e+00	6.274579e-01	4.163197e-04	2.512563e-02
1	8515	923645	10	5.585247e-06	1.186617e-01	7.304906e-01	8.975146e+00	1.081259e-01	4.163197e-04	1.494768e-02
1	8515	951535	10	5.585247e-06	1.208665e+01	5.078423e-04	2.838776e+01	-1.043373e+00	4.163197e-04	4.725898e-03
1	8515	968640	10	5.585247e-06	8.207962e+00	4.170697e-03	2.390689e+01	-8.715817e-01	4.163197e-04	5.611672e-03
1	8515	951470	11	6.143772e-06	1.283358e+00	2.572757e-01	7.848222e+00	3.376083e-01	4.579517e-04	1.880342e-02
1	8515	974201	11	6.143772e-06	2.459959e+01	7.056661e-07	4.344024e+01	-1.373491e+00	4.579517e-04	3.397159e-03
1	8515	975193	11	6.143772e-06	9.787698e-03	9.211916e-01	1.067895e+01	2.962092e-02	4.579517e-04	1.381910e-02
1	8515	993690	11	6.143772e-06	4.017825e-01	5.261701e-01	1.329502e+01	-1.894944e-01	4.579517e-04	1.109990e-02
1	8515	902807	12	6.702297e-06	6.149626e+00	1.314399e-02	2.408130e+01	-6.965288e-01	4.995837e-04	6.685237e-03
1	8515	903810	12	6.702297e-06	1.254227e+01	3.978480e-04	4.521113e+00	9.761486e-01	4.995837e-04	3.560831e-02
1	8515	908211	12	6.702297e-06	1.065249e+01	1.099231e-03	4.856507e+00	9.045873e-01	4.995837e-04	3.314917e-02
1	8515	915175	12	6.702297e-06	4.275317e-02	8.361907e-01	1.130949e+01	5.926453e-02	4.995837e-04	1.423488e-02
1	8515	955291	12	6.702297e-06	7.889189e+00	4.973115e-03	5.473632e+00	7.849643e-01	4.995837e-04	2.941176e-02
1	8515	975861	12	6.702297e-06	4.139895e-01	5.199515e-01	9.981329e+00	1.841905e-01	4.995837e-04	1.612903e-02
1	8515	989485	12	6.702297e-06	3.400394e-01	5.598065e-01	1.418046e+01	-1.669585e-01	4.995837e-04	1.135289e-02
1	8515	903711	13	7.260822e-06	1.287502e+01	3.329975e-04	5.017496e+00	9.520184e-01	5.412157e-04	3.475936e-02
1	8515	915678	13	7.260822e-06	9.134569e+00	2.508245e-03	5.782194e+00	8.101661e-01	5.412157e-04	3.016241e-02
1	8515	919532	13	7.260822e-06	2.300768e+00	1.293100e-01	8.586089e+00	4.148060e-01	5.412157e-04	2.031250e-02
1	8515	920334	13	7.260822e-06	1.610832e+00	2.043749e-01	1.840643e+01	-3.477506e-01	5.412157e-04	9.475219e-03
1	8515	923647	13	7.260822e-06	1.080976e+00	2.984794e-01	1.729292e+01	-2.853478e-01	5.412157e-04	1.008534e-02
1	8515	939542	13	7.260822e-06	2.283237e+00	1.307787e-01	8.599505e+00	4.132447e-01	5.412157e-04	2.028081e-02
1	8515	948107	13	7.260822e-06	3.260929e-02	8.566969e-01	1.236933e+01	4.972897e-02	5.412157e-04	1.409978e-02
1	8515	974739	13	7.260822e-06	2.990863e+01	4.528929e-08	3.233199e+00	1.391477e+00	5.412157e-04	5.394191e-02
1	8515	996419	13	7.260822e-06	9.324796e-02	7.600880e-01	1.414022e+01	-8.407354e-02	5.412157e-04	1.233397e-02
1	8515	906116	14	7.819346e-06	2.718490e+00	9.919180e-02	9.069057e+00	4.341891e-01	5.828476e-04	2.071006e-02
1	8515	929924	14	7.819346e-06	5.009110e+00	2.521427e-02	7.794559e+00	5.856314e-01	5.828476e-04	2.409639e-02
1	8515	950637	14	7.819346e-06	3.783402e+01	7.702673e-10	3.152705e+00	1.490797e+00	5.828476e-04	5.957447e-02
1	8515	968637	14	7.819346e-06	2.875842e-01	5.917728e-01	1.613916e+01	-1.421916e-01	5.828476e-04	1.163757e-02
1	8515	908944	15	8.377871e-06	2.217024e+00	1.364959e-01	1.026306e+01	3.794992e-01	6.244796e-04	1.960784e-02
1	8515	939509	15	8.377871e-06	1.247625e+01	4.121591e-04	6.238330e+00	8.773376e-01	6.244796e-04	3.225806e-02
1	8515	975169	15	8.377871e-06	8.110211e+00	4.401661e-03	7.338423e+00	7.149262e-01	6.244796e-04	2.742230e-02
1	8515	917337	16	8.936396e-06	2.126551e+00	1.447662e-01	1.116192e+01	3.600811e-01	6.661116e-04	1.923077e-02
1	8515	947420	16	8.936396e-06	1.200964e+01	5.292617e-04	6.935950e+00	8.358707e-01	6.661116e-04	3.094778e-02
1	8515	959113	16	8.936396e-06	1.292608e+00	2.555680e-01	2.119691e+01	-2.812666e-01	6.661116e-04	1.012658e-02
1	8515	961267	16	8.936396e-06	8.160230e-02	7.751376e-01	1.490491e+01	7.089777e-02	6.661116e-04	1.440144e-02
1	8515	992673	16	8.936396e-06	7.760747e-02	7.805663e-01	1.714535e+01	-6.913808e-02	6.661116e-04	1.251956e-02
1	8515	997957	16	8.936396e-06	3.693897e+01	1.218853e-09	3.971066e+00	1.393554e+00	6.661116e-04	5.405405e-02
1	8515	961266	17	9.494920e-06	3.042976e+00	8.108714e-02	1.120216e+01	4.171065e-01	7.077435e-04	2.035928e-02
1	8515	967570	17	9.494920e-06	4.297689e+00	3.816420e-02	1.037039e+01	4.942591e-01	7.077435e-04	2.199224e-02
1	8515	974620	17	9.494920e-06	2.375232e-02	8.775168e-01	1.638065e+01	3.711271e-02	7.077435e-04	1.392301e-02
1	8515	974740	17	9.494920e-06	3.793052e+01	7.330957e-10	4.306460e+00	1.373097e+00	7.077435e-04	5.295950e-02
1	8515	929954	18	1.005345e-05	2.209497e-01	6.383173e-01	1.612575e+01	1.099545e-01	7.493755e-04	1.497504e-02
1	8515	951553	18	1.005345e-05	1.206002e-01	7.283845e-01	1.659530e+01	8.125222e-02	7.493755e-04	1.455133e-02
1	8515	955641	18	1.005345e-05	4.155720e+01	1.144721e-10	4.467449e+00	1.393554e+00	7.493755e-04	5.405405e-02
1	8515	961051	18	1.005345e-05	5.444847e-02	8.154959e-01	1.901014e+01	-5.460065e-02	7.493755e-04	1.270289e-02
1	8515	976547	18	1.005345e-05	2.091394e+00	1.481309e-01	2.520822e+01	-3.367984e-01	7.493755e-04	9.579564e-03
1	8515	905293	19	1.061197e-05	1.694963e+01	3.838474e-05	7.673817e+00	9.066248e-01	7.910075e-04	3.321678e-02
1	8515	907016	19	1.061197e-05	1.334796e+01	2.587043e-04	4.268896e+01	-8.095014e-01	7.910075e-04	5.971087e-03
1	8515	908951	19	1.061197e-05	6.441285e+01	1.008978e-15	3.689335e+00	1.638993e+00	7.910075e-04	6.909091e-02
1	8515	982109	19	1.061197e-05	2.278130e+01	1.815232e-06	5.370330e+01	-1.039036e+00	7.910075e-04	4.746440e-03
1	8515	907015	20	1.117049e-05	7.527956e+00	6.074879e-03	1.097410e+01	6.001948e-01	8.326395e-04	2.444988e-02
1	8515	967016	20	1.117049e-05	6.311434e-01	4.269362e-01	1.676971e+01	1.761583e-01	8.326395e-04	1.600000e-02
1	8515	998012	20	1.117049e-05	4.096620e+01	1.548847e-10	7.495387e+01	-1.321141e+00	8.326395e-04	3.579739e-03
1	8515	963359	21	1.172902e-05	3.377489e+01	6.187232e-09	6.399319e+00	1.188331e+00	8.742714e-04	4.402516e-02
1	8515	916010	22	1.228754e-05	1.504972e-02	9.023627e-01	2.257873e+01	-2.596591e-02	9.159034e-04	1.307190e-02
1	8515	922723	22	1.228754e-05	1.574525e+00	2.095511e-01	2.866949e+01	-2.647910e-01	9.159034e-04	1.029481e-02
1	8515	975168	22	1.228754e-05	1.849686e+01	1.701840e-05	9.109304e+00	8.817462e-01	9.159034e-04	3.240059e-02
1	8515	974199	23	1.284607e-05	7.642099e+00	5.702152e-03	4.044853e+01	-5.645361e-01	9.575354e-04	7.628524e-03
1	8515	923682	24	1.340459e-05	9.119354e+00	2.529193e-03	4.384272e+01	-6.025548e-01	9.991674e-04	7.343941e-03
1	8515	941473	24	1.340459e-05	2.144094e+00	1.431195e-01	1.785638e+01	2.956928e-01	9.991674e-04	1.803156e-02
1	8515	942382	24	1.340459e-05	1.441612e-02	9.044300e-01	2.459110e+01	-2.433058e-02	9.991674e-04	1.309329e-02
1	8515	950137	24	1.340459e-05	4.818526e-04	9.824869e-01	2.389348e+01	4.448382e-03	9.991674e-04	1.347558e-02
1	8515	905295	25	1.396312e-05	1.038221e+01	1.272351e-03	1.332185e+01	6.294700e-01	1.040799e-03	2.517623e-02
1	8515	915672	25	1.396312e-05	8.447021e-02	7.713285e-01	2.359833e+01	5.769992e-02	1.040799e-03	1.421262e-02
1	8515	981804	25	1.396312e-05	4.086170e+01	1.633925e-10	7.553075e+00	1.196921e+00	1.040799e-03	4.440497e-02
1	8515	997973	25	1.396312e-05	5.285958e+00	2.149806e-02	1.589768e+01	4.527026e-01	1.040799e-03	2.109705e-02
1	8515	929519	26	1.452164e-05	4.395641e+00	3.603091e-02	1.733317e+01	4.054747e-01	1.082431e-03	2.012384e-02
1	8515	987369	26	1.452164e-05	3.034725e-01	5.817136e-01	2.335685e+01	1.072064e-01	1.082431e-03	1.493395e-02
1	8515	906917	27	1.508017e-05	7.561135e+00	5.964043e-03	1.605867e+01	5.195880e-01	1.124063e-03	2.255639e-02
1	8515	950666	27	1.508017e-05	4.665650e+01	8.458586e-12	7.915301e+00	1.227039e+00	1.124063e-03	4.576271e-02
1	8515	963355	27	1.508017e-05	1.370266e+01	2.141515e-04	1.349626e+01	6.934244e-01	1.124063e-03	2.683897e-02
1	8515	957134	28	1.563869e-05	2.335937e+01	1.343871e-06	1.163147e+01	8.784904e-01	1.165695e-03	3.229527e-02
1	8515	967563	29	1.619722e-05	1.180227e+01	5.915841e-04	1.554887e+01	6.233078e-01	1.207327e-03	2.502157e-02
1	8515	907020	30	1.675574e-05	8.707608e+00	3.168848e-03	5.088599e+01	-5.283903e-01	1.248959e-03	7.909307e-03
1	8515	964362	30	1.675574e-05	1.517628e+01	9.792588e-05	1.501224e+01	6.923315e-01	1.248959e-03	2.680965e-02
1	8515	915679	31	1.731427e-05	2.696168e+00	1.005897e-01	2.315561e+01	2.917502e-01	1.290591e-03	1.796060e-02
1	8515	920340	32	1.787279e-05	4.943110e+01	2.054622e-12	1.025769e+02	-1.164877e+00	1.332223e-03	4.185195e-03
1	8515	938435	32	1.787279e-05	2.566578e+01	4.059632e-07	1.350967e+01	8.623298e-01	1.332223e-03	3.177756e-02
1	8515	956348	32	1.787279e-05	1.349588e+02	3.370859e-31	5.339474e+00	1.790609e+00	1.332223e-03	8.040201e-02
1	8515	974200	32	1.787279e-05	3.286648e+00	6.984549e-02	4.392321e+01	-3.167070e-01	1.332223e-03	9.773977e-03
1	8515	954692	33	1.843132e-05	6.662620e-01	4.143579e-01	3.799344e+01	-1.409061e-01	1.373855e-03	1.165254e-02
1	8515	947419	34	1.898984e-05	5.354858e+01	2.522761e-13	1.047771e+01	1.177110e+00	1.415487e-03	4.353393e-02
1	8515	968205	34	1.898984e-05	1.473332e+01	1.238383e-04	1.788321e+01	6.424980e-01	1.415487e-03	2.550638e-02
1	8515	975171	34	1.898984e-05	8.282265e+00	4.003416e-03	2.092859e+01	4.852443e-01	1.415487e-03	2.179487e-02
1	8515	987273	34	1.898984e-05	8.925189e+00	2.812643e-03	2.055295e+01	5.033560e-01	1.415487e-03	2.219321e-02
1	8515	961168	35	1.954837e-05	5.413395e-02	8.160200e-01	3.366015e+01	3.903335e-02	1.457119e-03	1.394978e-02
1	8515	950664	37	2.066542e-05	1.426066e+01	1.591572e-04	2.016389e+01	6.070244e-01	1.540383e-03	2.461743e-02
1	8515	981780	37	2.066542e-05	2.312317e+01	1.519490e-06	1.719901e+01	7.660661e-01	1.540383e-03	2.886115e-02
1	8515	922806	39	2.178246e-05	9.638676e+00	1.905226e-03	6.355047e+01	-4.882728e-01	1.623647e-03	8.233059e-03
1	8515	911065	40	2.234099e-05	1.551048e+01	8.204907e-05	2.176037e+01	6.087891e-01	1.665279e-03	2.466091e-02
1	8515	917207	40	2.234099e-05	1.633773e+01	5.299805e-05	2.142498e+01	6.243221e-01	1.665279e-03	2.504696e-02
1	8515	948079	41	2.289951e-05	1.365982e+00	2.425034e-01	4.912853e+01	-1.808678e-01	1.706911e-03	1.119607e-02
1	8515	950667	42	2.345804e-05	8.122998e+01	2.009207e-19	1.156439e+01	1.289739e+00	1.748543e-03	4.872390e-02
1	8515	920458	43	2.401656e-05	2.283657e+01	1.763778e-06	2.117008e+01	7.086114e-01	1.790175e-03	2.724968e-02
1	8515	998014	43	2.401656e-05	1.063278e+01	1.111005e-03	2.637539e+01	4.887687e-01	1.790175e-03	2.187182e-02
1	8515	939832	44	2.457509e-05	6.648889e+00	9.921765e-03	2.998423e+01	3.835180e-01	1.831807e-03	1.968680e-02
1	8515	989486	44	2.457509e-05	6.750784e-04	9.792715e-01	4.382930e+01	3.887058e-03	1.831807e-03	1.346801e-02
1	8515	904549	45	2.513361e-05	3.613459e+00	5.731379e-02	5.955258e+01	-2.801971e-01	1.873439e-03	1.013742e-02
1	8515	917339	45	2.513361e-05	1.225034e+02	1.791068e-28	1.008865e+01	1.495251e+00	1.873439e-03	5.984043e-02
1	8515	929953	45	2.513361e-05	3.310000e+01	8.753890e-09	1.966751e+01	8.276944e-01	1.873439e-03	3.069577e-02
1	8515	938045	45	2.513361e-05	1.649465e+01	4.878754e-05	2.488624e+01	5.923474e-01	1.873439e-03	2.425876e-02
1	8515	919427	46	2.569214e-05	6.661193e+01	3.305794e-16	1.481100e+01	1.133271e+00	1.915071e-03	4.166667e-02
1	8515	942384	47	2.625066e-05	4.355756e+00	3.688409e-02	6.349681e+01	-3.008421e-01	1.956703e-03	9.930277e-03
1	8515	984298	47	2.625066e-05	3.316347e+02	4.233897e-74	5.312643e+00	2.180058e+00	1.956703e-03	1.186869e-01
1	8515	986148	47	2.625066e-05	3.473774e+00	6.234890e-02	3.591400e+01	2.690204e-01	1.956703e-03	1.755697e-02
1	8515	915627	48	2.680919e-05	4.629208e+00	3.143206e-02	3.531029e+01	3.070266e-01	1.998335e-03	1.823708e-02
1	8515	961082	49	2.736771e-05	3.981337e-01	5.280547e-01	5.358256e+01	-8.940338e-02	2.039967e-03	1.226840e-02
1	8515	918363	51	2.848476e-05	4.805905e+01	4.135746e-12	2.012365e+01	9.299301e-01	2.123231e-03	3.400000e-02
1	8515	920949	51	2.848476e-05	3.407560e+01	5.301172e-09	2.312878e+01	7.907480e-01	2.123231e-03	2.958237e-02
1	8515	916011	53	2.960181e-05	5.726028e+00	1.671525e-02	3.830201e+01	3.247896e-01	2.206495e-03	1.856392e-02
1	8515	923115	61	3.407001e-05	1.597908e+00	2.061999e-01	5.195925e+01	1.604140e-01	2.539550e-03	1.575006e-02
1	8515	915673	64	3.574558e-05	2.194315e+01	2.808470e-06	3.607499e+01	5.732833e-01	2.664446e-03	2.380067e-02
1	8515	917338	64	3.574558e-05	1.007219e+02	1.058513e-23	1.973459e+01	1.176510e+00	2.664446e-03	4.350782e-02
1	8515	950662	64	3.574558e-05	5.243804e+01	4.440388e-13	2.679128e+01	8.708066e-01	2.664446e-03	3.204807e-02
1	8515	967564	65	3.630411e-05	2.089156e+01	4.860306e-06	3.729582e+01	5.555059e-01	2.706078e-03	2.338129e-02
1	8515	970282	65	3.630411e-05	4.114846e+01	1.410941e-10	3.007814e+01	7.705885e-01	2.706078e-03	2.899197e-02
1	8515	941478	66	3.686263e-05	7.249615e+00	7.091621e-03	4.757230e+01	3.274041e-01	2.747710e-03	1.861252e-02
1	8515	961269	68	3.797968e-05	5.012277e-01	4.789612e-01	7.404160e+01	-8.511942e-02	2.830974e-03	1.232107e-02
1	8515	976780	68	3.797968e-05	1.379794e+02	7.363676e-32	1.821861e+01	1.317064e+00	2.830974e-03	5.007364e-02
1	8515	922802	69	3.853821e-05	1.616727e+01	5.798755e-05	1.109752e+02	-4.752003e-01	2.872606e-03	8.341393e-03
1	8515	956877	74	4.133083e-05	1.931364e+00	1.646093e-01	8.684024e+01	-1.600050e-01	3.080766e-03	1.143210e-02
1	8515	951530	75	4.188936e-05	7.750655e+01	1.322833e-18	2.841459e+01	9.705854e-01	3.122398e-03	3.541076e-02
1	8515	951536	77	4.300640e-05	8.857404e+00	2.919023e-03	5.508513e+01	3.349257e-01	3.205662e-03	1.875304e-02
1	8515	941477	83	4.635755e-05	1.209128e+01	5.065817e-04	5.696333e+01	3.764328e-01	3.455454e-03	1.954781e-02
1	8515	902741	87	4.859165e-05	5.506949e+00	1.894106e-02	6.783010e+01	2.489020e-01	3.621982e-03	1.720728e-02
1	8515	950669	87	4.859165e-05	1.910714e+02	1.855584e-43	2.225675e+01	1.363263e+00	3.621982e-03	5.244123e-02
1	8515	906933	88	4.915018e-05	1.575341e+01	7.215771e-05	5.800976e+01	4.167255e-01	3.663614e-03	2.035153e-02
1	8515	968304	88	4.915018e-05	4.198819e+00	4.045213e-02	7.088890e+01	2.162230e-01	3.663614e-03	1.665405e-02
1	8515	915743	92	5.138428e-05	6.810677e-01	4.092193e-01	8.447907e+01	8.528480e-02	3.830142e-03	1.461013e-02
1	8515	915759	95	5.305985e-05	3.735235e+00	5.327617e-02	7.806633e+01	1.963180e-01	3.955037e-03	1.632583e-02
1	8515	997892	106	5.920362e-05	2.183850e+00	1.394652e-01	9.195165e+01	1.421762e-01	4.412989e-03	1.546542e-02
1	8515	917310	116	6.478887e-05	7.341198e+01	1.052256e-17	5.370330e+01	7.701157e-01	4.829309e-03	2.897827e-02
1	8515	948637	119	6.646444e-05	5.613334e+00	1.782432e-02	9.598979e+01	2.148816e-01	4.954205e-03	1.663173e-02
1	8515	953113	122	6.814002e-05	4.361967e-02	8.345628e-01	1.197357e+02	1.873427e-02	5.079101e-03	1.366947e-02
1	8515	970283	125	6.981559e-05	3.626770e+01	1.719905e-09	7.371962e+01	5.280447e-01	5.203997e-03	2.274795e-02
1	8515	915626	132	7.372527e-05	4.056157e+00	4.401056e-02	1.109752e+02	1.734952e-01	5.495420e-03	1.595745e-02
1	8515	989898	148	8.266166e-05	1.878423e+01	1.463721e-05	1.041600e+02	3.512842e-01	6.161532e-03	1.906234e-02
1	8515	939510	165	9.215658e-05	9.092543e+01	1.491901e-21	8.027993e+01	7.204258e-01	6.869276e-03	2.757353e-02
1	8515	929889	170	9.494920e-05	7.568770e+01	3.322713e-18	8.874528e+01	6.500282e-01	7.077435e-03	2.569917e-02
1	8515	987250	179	9.997593e-05	1.258142e-01	7.228121e-01	1.743647e+02	2.623680e-02	7.452123e-03	1.377241e-02
1	8515	950641	180	1.005345e-04	1.304941e+02	3.194730e-30	7.919326e+01	8.210657e-01	7.493755e-03	3.049297e-02
1	8515	968005	180	1.005345e-04	1.483516e+01	1.173278e-04	1.355797e+02	2.833971e-01	7.493755e-03	1.781120e-02
1	8515	953102	181	1.010930e-04	7.270528e+00	7.009520e-03	2.205954e+02	-1.978333e-01	7.535387e-03	1.100772e-02
1	8515	906891	184	1.027686e-04	4.388118e-01	5.076965e-01	1.931065e+02	-4.830614e-02	7.660283e-03	1.278310e-02
1	8515	905236	206	1.150561e-04	2.288904e+02	1.040729e-51	7.557100e+01	1.002804e+00	8.576187e-03	3.657021e-02
1	8515	997893	215	1.200828e-04	2.336519e+02	9.526921e-53	7.968964e+01	9.924985e-01	8.950874e-03	3.619529e-02
1	8515	997899	243	1.357215e-04	6.316559e+00	1.196155e-02	2.072199e+02	1.592809e-01	1.011657e-02	1.573223e-02
1	8515	903963	266	1.485676e-04	7.321965e+01	1.159953e-17	1.591378e+02	5.137259e-01	1.107410e-02	2.242455e-02
1	8515	961050	273	1.524773e-04	8.255358e+00	4.063189e-03	2.299328e+02	1.716848e-01	1.136553e-02	1.592858e-02
1	8515	957136	277	1.547114e-04	1.848096e+01	1.716105e-05	3.570874e+02	-2.539630e-01	1.153206e-02	1.040688e-02
1	8515	993653	341	1.904569e-04	2.836339e-01	5.943293e-01	3.508356e+02	-2.843540e-02	1.419650e-02	1.303965e-02
1	8515	967434	658	3.675093e-04	3.724403e+02	5.506335e-83	3.182890e+02	7.262451e-01	2.739384e-02	2.773446e-02
1	8515	968477	785	4.384419e-04	8.865761e+01	4.694175e-21	5.652732e+02	3.283745e-01	3.268110e-02	1.863059e-02
1	8515	968985	962	5.373008e-04	7.955627e+02	4.975355e-175	4.037877e+02	8.681253e-01	4.004996e-02	3.196226e-02
1	8515	938330	1756	9.807694e-04	2.572527e+02	6.813511e-58	1.214932e+03	3.683507e-01	7.310575e-02	1.939046e-02
1	8515	8532	15452	8.630324e-03	4.102911e+02	3.167846e-91	1.391260e+04	1.049433e-01	6.432973e-01	1.490019e-02
1	8516	905442	7	3.909673e-06	3.038480e+00	8.131202e-02	1.312297e+01	-6.284543e-01	6.554368e-05	3.181818e-02
1	8516	917335	8	4.468198e-06	2.207197e+00	1.373680e-01	1.324227e+01	-5.039728e-01	7.490707e-05	3.603604e-02
1	8516	938002	8	4.468198e-06	5.047111e-01	4.774374e-01	1.020013e+01	-2.429589e-01	7.490707e-05	4.678363e-02
1	8516	998395	8	4.468198e-06	3.635631e+00	5.655517e-02	1.521072e+01	-6.425589e-01	7.490707e-05	3.137255e-02
1	8516	939941	9	5.026723e-06	1.099644e+01	9.128701e-04	2.511260e+01	-1.026145e+00	8.427045e-05	2.137767e-02
1	8516	951537	9	5.026723e-06	1.516919e+01	9.829445e-05	2.743895e+00	1.187846e+00	8.427045e-05	1.956522e-01
1	8516	997881	9	5.026723e-06	4.337076e-01	5.101752e-01	7.277286e+00	2.124666e-01	8.427045e-05	7.377049e-02
1	8516	902435	10	5.585247e-06	2.035704e-01	6.518542e-01	8.708883e+00	1.382416e-01	9.363384e-05	6.849315e-02
1	8516	915671	10	5.585247e-06	9.229432e-01	3.367034e-01	7.456235e+00	2.935344e-01	9.363384e-05	8.000000e-02
1	8516	974423	10	5.585247e-06	3.523952e+00	6.048806e-02	5.666739e+00	5.679713e-01	9.363384e-05	1.052632e-01
1	8516	978557	10	5.585247e-06	2.942051e+00	8.630108e-02	1.682127e+01	-5.200589e-01	9.363384e-05	3.546099e-02
1	8516	992591	10	5.585247e-06	3.945609e+00	4.699384e-02	5.487789e+00	6.000596e-01	9.363384e-05	1.086957e-01
1	8516	902722	11	6.143772e-06	8.035088e-01	3.700464e-01	8.470283e+00	2.613313e-01	1.029972e-04	7.746479e-02
1	8516	947417	11	6.143772e-06	1.016805e-01	7.498222e-01	1.002118e+01	9.319438e-02	1.029972e-04	6.547619e-02
1	8516	968639	11	6.143772e-06	1.312059e-01	7.171850e-01	1.222823e+01	-1.058516e-01	1.029972e-04	5.365854e-02
1	8516	974852	11	6.143772e-06	3.282145e-01	5.667123e-01	9.305382e+00	1.673024e-01	1.029972e-04	7.051282e-02
1	8516	987245	11	6.143772e-06	1.347611e+01	2.416202e-04	3.936892e+00	1.027504e+00	1.029972e-04	1.666667e-01
1	8516	996419	11	6.143772e-06	4.553704e+01	1.497794e-11	6.287098e+01	-1.743189e+00	1.029972e-04	1.043643e-02
1	8516	904598	12	6.702297e-06	6.359476e-01	4.251821e-01	9.603631e+00	2.227654e-01	1.123606e-04	7.453416e-02
1	8516	928111	12	6.702297e-06	6.890607e+00	8.664986e-03	5.845689e+00	7.192023e-01	1.123606e-04	1.224490e-01
1	8516	993263	12	6.702297e-06	1.128381e-01	7.369359e-01	1.318262e+01	-9.399296e-02	1.123606e-04	5.429864e-02
1	8516	993372	12	6.702297e-06	1.475671e-01	7.008713e-01	1.336157e+01	-1.074763e-01	1.123606e-04	5.357143e-02
1	8516	901659	13	7.260822e-06	3.773682e+00	5.206490e-02	7.754485e+00	5.166780e-01	1.217240e-04	1.000000e-01
1	8516	904251	13	7.260822e-06	1.500516e+00	2.205920e-01	9.365032e+00	3.279666e-01	1.217240e-04	8.280255e-02
1	8516	907208	13	7.260822e-06	7.038845e-01	4.014815e-01	1.037908e+01	2.251571e-01	1.217240e-04	7.471264e-02
1	8516	919609	13	7.260822e-06	1.799144e+00	1.798161e-01	1.861076e+01	-3.587907e-01	1.217240e-04	4.166667e-02
1	8516	937798	13	7.260822e-06	2.663308e+00	1.026870e-01	8.410634e+00	4.354526e-01	1.217240e-04	9.219858e-02
1	8516	950738	13	7.260822e-06	4.507370e-01	5.019852e-01	1.556862e+01	-1.803080e-01	1.217240e-04	4.980843e-02
1	8516	955332	13	7.260822e-06	4.898254e-01	4.840052e-01	1.568792e+01	-1.879416e-01	1.217240e-04	4.942966e-02
1	8516	981805	13	7.260822e-06	4.772763e+00	2.891339e-02	2.320380e+01	-5.793669e-01	1.217240e-04	3.341902e-02
1	8516	993733	13	7.260822e-06	1.093631e+01	9.429776e-04	5.487789e+00	8.624239e-01	1.217240e-04	1.413043e-01
1	8516	906115	14	7.819346e-06	4.180123e+00	4.090074e-02	8.291334e+00	5.238465e-01	1.310874e-04	1.007194e-01
1	8516	967350	14	7.819346e-06	1.270633e-01	7.214966e-01	1.276508e+01	9.234440e-02	1.310874e-04	6.542056e-02
1	8516	908211	15	8.377871e-06	2.141313e+00	1.433791e-01	2.159326e+01	-3.643309e-01	1.404508e-04	4.143646e-02
1	8516	920300	15	8.377871e-06	2.043587e+00	1.528489e-01	2.141431e+01	-3.560091e-01	1.404508e-04	4.178273e-02
1	8516	957951	15	8.377871e-06	9.159689e-01	3.385357e-01	1.181068e+01	2.390463e-01	1.404508e-04	7.575758e-02
1	8516	974474	15	8.377871e-06	8.402387e-01	3.593285e-01	1.192998e+01	2.289959e-01	1.404508e-04	7.500000e-02
1	8516	987272	15	8.377871e-06	1.214438e+00	2.704550e-01	1.139313e+01	2.750399e-01	1.404508e-04	7.853403e-02
1	8516	908951	16	8.936396e-06	1.056795e-02	9.181213e-01	1.640372e+01	-2.491929e-02	1.498141e-04	5.818182e-02
1	8516	923720	16	8.936396e-06	5.006649e-01	4.792081e-01	1.348087e+01	1.713168e-01	1.498141e-04	7.079646e-02
1	8516	967012	16	8.936396e-06	6.090118e-01	4.351601e-01	1.932656e+01	-1.888917e-01	1.498141e-04	4.938272e-02
1	8516	974860	16	8.936396e-06	6.799211e+00	9.119816e-03	8.589583e+00	6.220385e-01	1.498141e-04	1.111111e-01
1	8516	907206	17	9.494920e-06	3.342648e+00	6.750587e-02	1.109488e+01	4.267298e-01	1.591775e-04	9.139785e-02
1	8516	974739	17	9.494920e-06	5.095597e-01	4.753295e-01	1.437562e+01	1.676795e-01	1.591775e-04	7.053942e-02
1	8516	974883	17	9.494920e-06	1.660762e+01	4.596585e-05	6.740437e+00	9.250886e-01	1.591775e-04	1.504425e-01
1	8516	991732	17	9.494920e-06	2.493625e+00	1.143082e-01	1.175103e+01	3.692727e-01	1.591775e-04	8.629442e-02
1	8516	997961	17	9.494920e-06	2.288175e+00	1.303631e-01	2.421785e+01	-3.538767e-01	1.591775e-04	4.187192e-02
1	8516	903810	18	1.005345e-05	2.337881e-01	6.287291e-01	2.010201e+01	-1.104481e-01	1.685409e-04	5.341246e-02
1	8516	923541	18	1.005345e-05	1.022061e+00	3.120307e-01	2.266696e+01	-2.305364e-01	1.685409e-04	4.736842e-02
1	8516	948491	18	1.005345e-05	1.961792e+01	9.457800e-06	6.800087e+00	9.734364e-01	1.685409e-04	1.578947e-01
1	8516	974473	18	1.005345e-05	8.131670e+00	4.349865e-03	9.484331e+00	6.407306e-01	1.685409e-04	1.132075e-01
1	8516	987128	18	1.005345e-05	3.215083e-04	9.856942e-01	1.807391e+01	-4.097959e-03	1.685409e-04	5.940594e-02
1	8516	916614	19	1.061197e-05	2.103932e+00	1.469208e-01	1.377912e+01	3.212844e-01	1.779043e-04	8.225108e-02
1	8516	920950	19	1.061197e-05	1.582606e+00	2.083857e-01	2.511260e+01	-2.789308e-01	1.779043e-04	4.513064e-02
1	8516	923754	19	1.061197e-05	1.136043e+01	7.502549e-04	9.126432e+00	7.332641e-01	1.779043e-04	1.241830e-01
1	8516	940101	19	1.061197e-05	1.900711e+01	1.302324e-05	7.456235e+00	9.353883e-01	1.779043e-04	1.520000e-01
1	8516	955640	19	1.061197e-05	6.629044e+00	1.003291e-02	1.079663e+01	5.652050e-01	1.779043e-04	1.049724e-01
1	8516	959200	19	1.061197e-05	1.392132e+01	1.906244e-04	8.470283e+00	8.078750e-01	1.779043e-04	1.338028e-01
1	8516	963356	19	1.061197e-05	2.161640e+00	1.414936e-01	1.371947e+01	3.256228e-01	1.779043e-04	8.260870e-02
1	8516	968635	19	1.061197e-05	3.162475e+00	7.534886e-02	1.282472e+01	3.930640e-01	1.779043e-04	8.837209e-02
1	8516	997957	19	1.061197e-05	1.087535e-01	7.415677e-01	1.765637e+01	7.334261e-02	1.779043e-04	6.418919e-02
1	8516	902806	20	1.117049e-05	3.906174e+00	4.810900e-02	3.060039e+01	-4.252805e-01	1.872677e-04	3.898635e-02
1	8516	915209	20	1.117049e-05	4.383839e-01	5.079035e-01	2.308450e+01	-1.434293e-01	1.872677e-04	5.167959e-02
1	8516	915611	20	1.117049e-05	1.591050e-05	9.968174e-01	1.998271e+01	8.648305e-04	1.872677e-04	5.970149e-02
1	8516	918634	21	1.172902e-05	1.329615e+00	2.488738e-01	1.646337e+01	2.433847e-01	1.966311e-04	7.608696e-02
1	8516	929153	21	1.172902e-05	7.209490e+01	2.050936e-17	4.175492e+00	1.615290e+00	1.966311e-04	3.000000e-01
1	8516	939534	21	1.172902e-05	2.487985e+01	6.101680e-07	7.635185e+00	1.011755e+00	1.966311e-04	1.640625e-01
1	8516	957797	21	1.172902e-05	9.907542e+00	1.646028e-03	1.091593e+01	6.542994e-01	1.966311e-04	1.147541e-01
1	8516	993770	21	1.172902e-05	1.119212e-01	7.379674e-01	1.956516e+01	7.077192e-02	1.966311e-04	6.402439e-02
1	8516	923651	22	1.228754e-05	2.133660e+00	1.440963e-01	1.628442e+01	3.008337e-01	2.059944e-04	8.058608e-02
1	8516	970250	22	1.228754e-05	1.256556e+01	3.929215e-04	1.073698e+01	7.173487e-01	2.059944e-04	1.222222e-01
1	8516	974827	22	1.228754e-05	1.498812e+01	1.081902e-04	1.008083e+01	7.804068e-01	2.059944e-04	1.301775e-01
1	8516	975505	22	1.228754e-05	1.318779e+01	2.817784e-04	1.055803e+01	7.341558e-01	2.059944e-04	1.242938e-01
1	8516	902732	23	1.284607e-05	5.326713e-02	8.174727e-01	2.409855e+01	-4.665757e-02	2.153578e-04	5.693069e-02
1	8516	947418	23	1.284607e-05	1.075369e+01	1.040715e-03	1.198963e+01	6.514524e-01	2.153578e-04	1.144279e-01
1	8516	950637	23	1.284607e-05	6.121571e+00	1.335421e-02	1.401772e+01	4.951718e-01	2.153578e-04	9.787234e-02
1	8516	990043	23	1.284607e-05	2.775021e+01	1.380330e-07	8.291334e+00	1.020283e+00	2.153578e-04	1.654676e-01
1	8516	922570	24	1.340459e-05	3.391738e+00	6.552384e-02	1.670197e+01	3.625273e-01	2.247212e-04	8.571429e-02
1	8516	997901	24	1.340459e-05	6.967226e+00	8.301611e-03	1.431597e+01	5.166780e-01	2.247212e-04	1.000000e-01
1	8516	904492	25	1.396312e-05	1.229340e+01	4.545624e-04	1.282472e+01	6.675009e-01	2.340846e-04	1.162791e-01
1	8516	920538	25	1.396312e-05	1.611234e+01	5.969391e-05	1.169138e+01	7.600243e-01	2.340846e-04	1.275510e-01
1	8516	961167	25	1.396312e-05	3.287337e+01	9.836140e-09	8.649233e+00	1.061405e+00	2.340846e-04	1.724138e-01
1	8516	966640	25	1.396312e-05	7.105666e-02	7.898045e-01	2.374065e+01	5.168691e-02	2.340846e-04	6.281407e-02
1	8516	932748	26	1.452164e-05	3.563030e+00	5.907980e-02	1.819321e+01	3.570479e-01	2.434480e-04	8.524590e-02
1	8516	984298	26	1.452164e-05	2.547777e-01	6.137309e-01	2.362135e+01	9.594542e-02	2.434480e-04	6.565657e-02
1	8516	902762	27	1.508017e-05	1.461148e+01	1.321075e-04	1.342122e+01	6.989996e-01	2.528114e-04	1.200000e-01
1	8516	906973	27	1.508017e-05	1.972981e+01	8.919912e-06	1.204928e+01	8.068323e-01	2.528114e-04	1.336634e-01
1	8516	907210	27	1.508017e-05	6.976813e+01	6.670202e-17	6.442187e+00	1.432969e+00	2.528114e-04	2.500000e-01
1	8516	911101	27	1.508017e-05	2.781342e+00	9.536822e-02	1.980376e+01	3.099650e-01	2.528114e-04	8.132530e-02
1	8516	939902	27	1.508017e-05	1.101232e+01	9.050834e-04	1.467387e+01	6.097684e-01	2.528114e-04	1.097561e-01
1	8516	947420	27	1.508017e-05	5.083579e-01	4.758506e-01	3.083899e+01	-1.329429e-01	2.528114e-04	5.222437e-02
1	8516	981655	27	1.508017e-05	1.676397e+00	1.954039e-01	3.435833e+01	-2.410077e-01	2.528114e-04	4.687500e-02
1	8516	904860	28	1.563869e-05	4.204777e+01	8.907073e-11	9.066782e+00	1.127587e+00	2.621747e-04	1.842105e-01
1	8516	997958	28	1.563869e-05	1.304012e+01	3.048893e-04	1.461422e+01	6.502094e-01	2.621747e-04	1.142857e-01
1	8516	903711	29	1.619722e-05	2.134493e+00	1.440181e-01	2.230906e+01	2.623031e-01	2.715381e-04	7.754011e-02
1	8516	961263	29	1.619722e-05	1.270767e+00	2.596228e-01	2.368100e+01	2.026226e-01	2.715381e-04	7.304786e-02
1	8516	976282	29	1.619722e-05	2.601585e+00	1.067569e-01	2.171256e+01	2.894051e-01	2.715381e-04	7.967033e-02
1	8516	905293	30	1.675574e-05	5.291536e-01	4.669629e-01	3.411973e+01	-1.286785e-01	2.809015e-04	5.244755e-02
1	8516	920293	30	1.675574e-05	3.030297e+00	8.172306e-02	2.207046e+01	3.069575e-01	2.809015e-04	8.108108e-02
1	8516	923721	30	1.675574e-05	6.417674e-02	8.000122e-01	3.137584e+01	-4.484074e-02	2.809015e-04	5.703422e-02
1	8516	978556	30	1.675574e-05	2.619911e+00	1.055304e-01	2.254766e+01	2.855663e-01	2.809015e-04	7.936508e-02
1	8516	991764	31	1.731427e-05	1.723296e+01	3.306492e-05	1.527037e+01	7.080728e-01	2.902649e-04	1.210938e-01
1	8516	939543	32	1.787279e-05	3.522233e-02	8.511305e-01	3.304604e+01	-3.216570e-02	2.996283e-04	5.776173e-02
1	8516	903753	33	1.843132e-05	4.334516e+00	3.734703e-02	2.326345e+01	3.496239e-01	3.089917e-04	8.461538e-02
1	8516	905345	33	1.843132e-05	1.929120e+00	1.648548e-01	4.169527e+01	-2.338801e-01	3.089917e-04	4.721030e-02
1	8516	920334	33	1.843132e-05	3.101877e+01	2.555455e-08	8.183964e+01	-9.082542e-01	3.089917e-04	2.405248e-02
1	8516	975861	33	1.843132e-05	3.104243e+00	7.808851e-02	4.437951e+01	-2.962704e-01	3.089917e-04	4.435484e-02
1	8516	908983	34	1.898984e-05	4.715782e+00	2.988697e-02	2.374065e+01	3.591716e-01	3.183550e-04	8.542714e-02
1	8516	981804	34	1.898984e-05	5.511150e-03	9.408217e-01	3.358288e+01	1.234399e-02	3.183550e-04	6.039076e-02
1	8516	974861	35	1.954837e-05	4.464770e+01	2.358747e-11	1.228788e+01	1.046735e+00	3.277184e-04	1.699029e-01
1	8516	986181	35	1.954837e-05	7.792051e-01	3.773844e-01	4.044262e+01	-1.445361e-01	3.277184e-04	5.162242e-02
1	8516	904992	36	2.010689e-05	9.039104e+00	2.642652e-03	2.224941e+01	4.812036e-01	3.370818e-04	9.651475e-02
1	8516	908944	36	2.010689e-05	2.163079e+00	1.413612e-01	4.563216e+01	-2.370938e-01	3.370818e-04	4.705882e-02
1	8516	948107	36	2.010689e-05	6.981881e+00	8.233903e-03	5.499719e+01	-4.237632e-01	3.370818e-04	3.904555e-02
1	8516	967570	36	2.010689e-05	2.358067e+00	1.246365e-01	4.610936e+01	-2.474970e-01	3.370818e-04	4.657180e-02
1	8516	974740	37	2.066542e-05	1.770379e+01	2.581117e-05	1.914761e+01	6.587399e-01	3.464452e-04	1.152648e-01
1	8516	985331	37	2.066542e-05	2.432327e+01	8.144899e-07	1.717917e+01	7.672205e-01	3.464452e-04	1.284722e-01
1	8516	908948	38	2.122394e-05	4.633391e-01	4.960676e-01	4.229177e+01	-1.070063e-01	3.558086e-04	5.359661e-02
1	8516	992616	38	2.122394e-05	2.447402e+01	7.531856e-07	1.777567e+01	7.597558e-01	3.558086e-04	1.275168e-01
1	8516	948080	39	2.178246e-05	2.148346e+00	1.427236e-01	3.107759e+01	2.270747e-01	3.651720e-04	7.485605e-02
1	8516	950666	39	2.178246e-05	4.379851e-01	5.080966e-01	3.519343e+01	1.027022e-01	3.651720e-04	6.610169e-02
1	8516	939359	40	2.234099e-05	3.301506e+00	6.921639e-02	3.030214e+01	2.776611e-01	3.745353e-04	7.874016e-02
1	8516	981702	40	2.234099e-05	1.739840e+00	1.871590e-01	3.268814e+01	2.018673e-01	3.745353e-04	7.299270e-02
1	8516	903228	41	2.289951e-05	3.066888e+01	3.060341e-08	1.813356e+01	8.158075e-01	3.838987e-04	1.348684e-01
1	8516	904526	41	2.289951e-05	2.117929e+01	4.182601e-06	2.069851e+01	6.835104e-01	3.838987e-04	1.181556e-01
1	8516	956348	41	2.289951e-05	1.334636e+01	2.589240e-04	2.374065e+01	5.463832e-01	3.838987e-04	1.030151e-01
1	8516	968167	41	2.289951e-05	5.249836e-01	4.687235e-01	4.575146e+01	-1.096516e-01	3.838987e-04	5.345502e-02
1	8516	975125	42	2.345804e-05	1.619517e+01	5.713964e-05	2.320380e+01	5.933534e-01	3.932621e-04	1.079692e-01
1	8516	961267	43	2.401656e-05	8.695352e+00	3.190225e-03	6.627102e+01	-4.325526e-01	4.026255e-04	3.870387e-02
1	8516	968668	43	2.401656e-05	4.958442e-02	8.237880e-01	4.443916e+01	-3.292101e-02	4.026255e-04	5.771812e-02
1	8516	967309	44	2.457509e-05	1.053303e+01	1.172595e-03	2.749860e+01	4.700547e-01	4.119889e-04	9.544469e-02
1	8516	968464	44	2.457509e-05	5.034813e-01	4.779745e-01	3.966717e+01	1.036657e-01	4.119889e-04	6.616541e-02
1	8516	974741	45	2.513361e-05	5.513582e+01	1.124820e-13	1.610547e+01	1.027504e+00	4.213523e-04	1.666667e-01
1	8516	902523	47	2.625066e-05	1.580274e+00	2.087212e-01	5.613054e+01	-1.775324e-01	4.400790e-04	4.994687e-02
1	8516	950667	48	2.680919e-05	2.417672e-01	6.229326e-01	5.141820e+01	-6.879117e-02	4.494424e-04	5.568445e-02
1	8516	967563	48	2.680919e-05	6.874970e+00	8.741120e-03	6.913421e+01	-3.648487e-01	4.494424e-04	4.141501e-02
1	8516	929954	49	2.736771e-05	7.647290e+00	5.685767e-03	7.169916e+01	-3.806587e-01	4.588058e-04	4.076539e-02
1	8516	939903	49	2.736771e-05	2.985209e+01	4.662943e-08	2.338275e+01	7.398215e-01	4.588058e-04	1.250000e-01
1	8516	955291	49	2.736771e-05	2.658435e+01	2.522788e-07	2.433715e+01	6.998162e-01	4.588058e-04	1.200980e-01
1	8516	955641	49	2.736771e-05	4.545847e+01	1.559101e-11	1.986341e+01	9.029409e-01	4.588058e-04	1.471471e-01
1	8516	956874	49	2.736771e-05	2.921296e+01	6.484398e-08	2.356170e+01	7.321976e-01	4.588058e-04	1.240506e-01
1	8516	967435	49	2.736771e-05	2.697436e+01	2.061723e-07	2.421785e+01	7.047302e-01	4.588058e-04	1.206897e-01
1	8516	915678	50	2.792624e-05	2.441267e+01	7.775552e-07	2.570910e+01	6.651780e-01	4.681692e-04	1.160093e-01
1	8516	917339	50	2.792624e-05	6.274037e-01	4.283093e-01	4.485671e+01	1.085498e-01	4.681692e-04	6.648936e-02
1	8516	942385	50	2.792624e-05	7.504338e+00	6.155058e-03	3.441798e+01	3.734438e-01	4.681692e-04	8.665511e-02
1	8516	964369	50	2.792624e-05	2.863379e+00	9.061694e-02	3.966717e+01	2.314991e-01	4.681692e-04	7.518797e-02
1	8516	975193	50	2.792624e-05	1.421449e-01	7.061579e-01	4.748131e+01	5.168691e-02	4.681692e-04	6.281407e-02
1	8516	989485	50	2.792624e-05	2.874077e+00	9.001656e-02	6.304993e+01	-2.319039e-01	4.681692e-04	4.730369e-02
1	8516	993690	52	2.904329e-05	9.107043e-01	3.399276e-01	5.911303e+01	-1.282077e-01	4.868959e-04	5.247225e-02
1	8516	993732	52	2.904329e-05	1.563551e+00	2.111460e-01	4.396196e+01	1.679189e-01	4.868959e-04	7.055631e-02
1	8516	939542	53	2.960181e-05	6.065008e+00	1.378861e-02	3.823558e+01	3.265255e-01	4.962593e-04	8.268331e-02
1	8516	905295	54	3.016034e-05	4.917942e-01	4.831280e-01	5.923233e+01	-9.248353e-02	5.056227e-04	5.438066e-02
1	8516	975169	54	3.016034e-05	1.489076e+01	1.139198e-04	3.262849e+01	5.037983e-01	5.056227e-04	9.872029e-02
1	8516	903222	55	3.071886e-05	5.462585e+01	1.458052e-13	2.165291e+01	9.321934e-01	5.149861e-04	1.515152e-01
1	8516	975168	55	3.071886e-05	5.520720e+00	1.879252e-02	4.050227e+01	3.059751e-01	5.149861e-04	8.100147e-02
1	8516	997973	56	3.127739e-05	3.246568e+00	7.157318e-02	7.068511e+01	-2.328833e-01	5.243495e-04	4.725738e-02
1	8516	929924	57	3.183591e-05	1.532374e+01	9.057100e-05	3.465658e+01	4.975636e-01	5.337129e-04	9.810671e-02
1	8516	987382	57	3.183591e-05	1.857140e-02	8.916024e-01	5.601124e+01	1.749888e-02	5.337129e-04	6.070288e-02
1	8516	961266	58	3.239443e-05	1.433619e+00	2.311748e-01	4.980765e+01	1.522744e-01	5.430762e-04	6.946108e-02
1	8516	905343	60	3.351148e-05	2.871608e+00	9.015473e-02	7.414480e+01	-2.116754e-01	5.618030e-04	4.827031e-02
1	8516	974226	61	3.407001e-05	1.177758e+01	5.994826e-04	3.996542e+01	4.228592e-01	5.711664e-04	9.104478e-02
1	8516	989878	61	3.407001e-05	4.291999e+01	5.702512e-11	2.761790e+01	7.924099e-01	5.711664e-04	1.317495e-01
1	8516	968665	62	3.462853e-05	1.638196e+00	2.005732e-01	5.296910e+01	1.574257e-01	5.805298e-04	6.981982e-02
1	8516	917337	63	3.518706e-05	3.832891e+00	5.025619e-02	4.962870e+01	2.385654e-01	5.898932e-04	7.572115e-02
1	8516	937369	63	3.518706e-05	1.293785e+01	3.220043e-04	4.074087e+01	4.359030e-01	5.898932e-04	9.224012e-02
1	8516	947419	63	3.518706e-05	6.152315e+00	1.312402e-02	4.658656e+01	3.018227e-01	5.898932e-04	8.066581e-02
1	8516	985711	63	3.518706e-05	9.960062e+00	1.599727e-03	4.294792e+01	3.831466e-01	5.898932e-04	8.750000e-02
1	8516	922804	64	3.574558e-05	6.538132e+00	1.055861e-02	4.700411e+01	3.086481e-01	5.992565e-04	8.121827e-02
1	8516	981780	64	3.574558e-05	2.164397e+00	1.412400e-01	7.647115e+01	-1.780305e-01	5.992565e-04	4.992200e-02
1	8516	932777	65	3.630411e-05	6.738951e+01	2.228315e-16	2.511260e+01	9.510175e-01	6.086199e-04	1.543943e-01
1	8516	923647	66	3.686263e-05	1.641016e+00	2.001862e-01	7.688870e+01	-1.527042e-01	6.179833e-04	5.120248e-02
1	8516	963355	67	3.742116e-05	8.669155e-01	3.518106e-01	6.000778e+01	1.102184e-01	6.273467e-04	6.660040e-02
1	8516	963359	67	3.742116e-05	5.554941e+01	9.113915e-14	2.845299e+01	8.564392e-01	6.273467e-04	1.404612e-01
1	8516	968640	68	3.797968e-05	1.468705e+01	1.269155e-04	1.062961e+02	-4.467208e-01	6.367101e-04	3.815937e-02
1	8516	923645	73	4.077231e-05	2.919722e+01	6.537289e-08	3.990577e+01	6.039385e-01	6.835270e-04	1.091181e-01
1	8516	939509	73	4.077231e-05	7.856762e+01	7.730628e-19	2.773720e+01	9.676851e-01	6.835270e-04	1.569892e-01
1	8516	950133	76	4.244788e-05	6.571050e+00	1.036508e-02	5.720424e+01	2.841054e-01	7.116171e-04	7.924922e-02
1	8516	917338	80	4.468198e-05	7.275880e-01	3.936661e-01	8.774498e+01	-9.240800e-02	7.490707e-04	5.438477e-02
1	8516	915175	81	4.524050e-05	1.996103e+01	7.903656e-06	5.028485e+01	4.767453e-01	7.584341e-04	9.608541e-02
1	8516	968637	81	4.524050e-05	1.266435e+00	2.604365e-01	7.175881e+01	1.211385e-01	7.584341e-04	6.733167e-02
1	8516	906116	82	4.579903e-05	4.582520e+01	1.292898e-11	4.032332e+01	7.097893e-01	7.677975e-04	1.213018e-01
1	8516	916010	83	4.635755e-05	3.206727e+00	7.333607e-02	1.003908e+02	-1.902295e-01	7.771608e-04	4.931670e-02
1	8516	976547	85	4.747460e-05	6.966196e+00	8.306388e-03	1.120821e+02	-2.765807e-01	7.958876e-04	4.523683e-02
1	8516	932750	86	4.803313e-05	4.515429e+01	1.821060e-11	4.318652e+01	6.888190e-01	8.052510e-04	1.187845e-01
1	8516	998000	86	4.803313e-05	5.972142e-01	4.396429e-01	9.323277e+01	-8.075195e-02	8.052510e-04	5.502239e-02
1	8516	919346	88	4.915018e-05	1.235168e+01	4.405888e-04	6.132008e+01	3.612295e-01	8.239778e-04	8.560311e-02
1	8516	920949	88	4.915018e-05	2.278447e+00	1.311832e-01	1.028364e+02	-1.558025e-01	8.239778e-04	5.104408e-02
1	8516	956876	88	4.915018e-05	7.139948e+01	2.917494e-17	3.769873e+01	8.477105e-01	8.239778e-04	1.392405e-01
1	8516	904827	91	5.082575e-05	1.787093e+01	2.364051e-05	5.941128e+01	4.263753e-01	8.520679e-04	9.136546e-02
1	8516	906917	91	5.082575e-05	5.724913e+00	1.672586e-02	7.140091e+01	2.425489e-01	8.520679e-04	7.602339e-02
1	8516	917207	92	5.138428e-05	1.188088e-01	7.303300e-01	9.526086e+01	-3.483048e-02	8.614313e-04	5.760802e-02
1	8516	968205	93	5.194280e-05	2.434478e+00	1.186934e-01	7.951329e+01	1.566753e-01	8.707947e-04	6.976744e-02
1	8516	919532	95	5.305985e-05	8.997894e+01	2.407090e-21	3.817593e+01	9.116718e-01	8.895214e-04	1.484375e-01
1	8516	907015	99	5.529395e-05	5.496219e+01	1.228707e-13	4.879360e+01	7.075206e-01	9.269750e-04	1.210269e-01
1	8516	929953	99	5.529395e-05	1.624548e+00	2.024588e-01	8.744673e+01	1.240901e-01	9.269750e-04	6.753070e-02
1	8516	950669	100	5.585247e-05	1.165274e-02	9.140370e-01	9.895916e+01	1.046298e-02	9.363384e-04	6.027728e-02
1	8516	964362	100	5.585247e-05	1.762674e+01	2.687821e-05	6.674822e+01	4.042426e-01	9.363384e-04	8.936550e-02
1	8516	998014	100	5.585247e-05	2.708090e+00	9.984045e-02	1.172717e+02	-1.593230e-01	9.363384e-04	5.086470e-02
1	8516	902427	103	5.752805e-05	4.992635e+01	1.596267e-12	5.308840e+01	6.627706e-01	9.644285e-04	1.157303e-01
1	8516	925049	103	5.752805e-05	1.292871e+02	5.868571e-30	3.644608e+01	1.038895e+00	9.644285e-04	1.685761e-01
1	8516	938435	106	5.920362e-05	3.737293e+01	9.756708e-10	6.006743e+01	5.679713e-01	9.925187e-04	1.052632e-01
1	8516	951535	106	5.920362e-05	3.448456e+00	6.331090e-02	1.262192e+02	-1.745806e-01	9.925187e-04	5.009452e-02
1	8516	951470	107	5.976215e-05	1.584950e+02	2.412633e-36	3.489518e+01	1.120480e+00	1.001882e-03	1.829060e-01
1	8516	987369	110	6.143772e-05	3.876249e-01	5.335505e-01	1.038504e+02	5.752851e-02	1.029972e-03	6.318208e-02
1	8516	975171	113	6.311330e-05	4.550660e+00	3.290607e-02	9.305382e+01	1.942098e-01	1.058062e-03	7.243590e-02
1	8516	904995	119	6.646444e-05	3.072090e+01	2.979386e-08	7.307111e+01	4.876905e-01	1.114243e-03	9.714286e-02
1	8516	967016	119	6.646444e-05	2.818358e+01	1.103365e-07	7.456235e+01	4.674878e-01	1.114243e-03	9.520000e-02
1	8516	957134	123	6.869854e-05	1.045372e+02	1.542722e-24	5.171645e+01	8.664085e-01	1.151696e-03	1.418685e-01
1	8516	919427	128	7.149117e-05	6.240701e+01	2.793272e-15	6.585347e+01	6.645981e-01	1.198513e-03	1.159420e-01
1	8516	959113	129	7.204969e-05	1.364006e+01	2.214100e-04	9.424682e+01	3.138954e-01	1.207876e-03	8.164557e-02
1	8516	950137	130	7.260822e-05	5.658379e+00	1.737217e-02	1.062364e+02	2.018673e-01	1.217240e-03	7.299270e-02
1	8516	998001	131	7.316674e-05	8.611657e+00	3.340182e-03	1.022399e+02	2.478753e-01	1.226603e-03	7.642940e-02
1	8516	920458	132	7.372527e-05	1.621901e+01	5.642505e-05	9.412752e+01	3.381515e-01	1.235967e-03	8.365019e-02
1	8516	932749	134	7.484231e-05	5.729140e+01	3.757949e-14	7.181846e+01	6.236983e-01	1.254693e-03	1.112957e-01
1	8516	922723	136	7.595936e-05	6.074768e-01	4.357394e-01	1.274718e+02	6.475972e-02	1.273420e-03	6.364062e-02
1	8516	915672	143	7.986904e-05	1.470826e+01	1.254956e-04	1.049241e+02	3.096070e-01	1.338964e-03	8.129619e-02
1	8516	918363	148	8.266166e-05	4.074356e+01	1.735743e-10	8.947482e+01	5.032550e-01	1.385781e-03	9.866667e-02
1	8516	961051	148	8.266166e-05	5.073358e+01	1.057940e-12	8.452388e+01	5.601781e-01	1.385781e-03	1.044460e-01
1	8516	974620	148	8.266166e-05	8.255465e+01	1.027884e-19	7.283251e+01	7.090499e-01	1.385781e-03	1.212121e-01
1	8516	989486	151	8.433724e-05	1.052452e+01	1.178011e-03	1.948762e+02	-2.550845e-01	1.413871e-03	4.621977e-02
1	8516	911065	152	8.489576e-05	3.357956e+01	6.840790e-09	9.675211e+01	4.517284e-01	1.423234e-03	9.371147e-02
1	8516	938045	153	8.545428e-05	1.725452e+01	3.269182e-05	1.106505e+02	3.240610e-01	1.432598e-03	8.247978e-02
1	8516	950664	154	8.601281e-05	4.915330e+01	2.367192e-12	8.965377e+01	5.409973e-01	1.441961e-03	1.024617e-01
1	8516	929519	159	8.880543e-05	9.269635e+01	6.096584e-22	7.706765e+01	7.242206e-01	1.488778e-03	1.230650e-01
1	8516	970282	159	8.880543e-05	5.082141e+00	2.417351e-02	1.337350e+02	1.730437e-01	1.488778e-03	7.091882e-02
1	8516	915673	163	9.103953e-05	4.493642e-02	8.321210e-01	1.603985e+02	1.608863e-02	1.526232e-03	6.061733e-02
1	8516	915679	169	9.439068e-05	4.509720e+01	1.874931e-11	1.029557e+02	4.955999e-01	1.582412e-03	9.791425e-02
1	8516	986148	169	9.439068e-05	5.790005e-01	4.467043e-01	1.596827e+02	5.670976e-02	1.582412e-03	6.313037e-02
1	8516	941473	174	9.718330e-05	1.199729e+02	6.413090e-28	7.939399e+01	7.846326e-01	1.629229e-03	1.307288e-01
1	8516	967564	180	1.005345e-04	1.290251e+00	2.560016e-01	1.658267e+02	8.201373e-02	1.685409e-03	6.474820e-02
1	8516	976780	182	1.016515e-04	1.340091e+02	5.438582e-31	8.100454e+01	8.095015e-01	1.704136e-03	1.340206e-01
1	8516	992673	184	1.027686e-04	1.621270e+02	3.881042e-37	7.623255e+01	8.811472e-01	1.722863e-03	1.439750e-01
1	8516	916011	187	1.044441e-04	1.744211e+00	1.866061e-01	1.703004e+02	9.354458e-02	1.750953e-03	6.549912e-02
1	8516	902807	188	1.050027e-04	6.511402e+01	7.068722e-16	1.070715e+02	5.629448e-01	1.760316e-03	1.047354e-01
1	8516	951553	193	1.077953e-04	2.049648e+02	1.723752e-46	7.378691e+01	9.615089e-01	1.807133e-03	1.560226e-01
1	8516	961168	201	1.122635e-04	1.875403e+01	1.487089e-05	1.496616e+02	2.949285e-01	1.882040e-03	8.011160e-02
1	8516	923115	208	1.161731e-04	2.445430e+00	1.178676e-01	2.310240e+02	-1.049835e-01	1.947584e-03	5.370514e-02
1	8516	951536	208	1.161731e-04	5.932795e+00	1.486166e-02	2.449224e+02	-1.634034e-01	1.947584e-03	5.065757e-02
1	8516	987273	209	1.167317e-04	1.611200e+02	6.440933e-37	9.138362e+01	8.272680e-01	1.956947e-03	1.364230e-01
1	8516	942382	210	1.172902e-04	9.865345e+01	3.007901e-23	1.093382e+02	6.526614e-01	1.966311e-03	1.145663e-01
1	8516	923682	228	1.273436e-04	5.974860e+00	1.451123e-02	1.949358e+02	1.566753e-01	2.134851e-03	6.976744e-02
1	8516	982109	232	1.295777e-04	2.050937e-01	6.506404e-01	2.387785e+02	-2.879890e-02	2.172305e-03	5.795653e-02
1	8516	917310	247	1.379556e-04	3.017111e-01	5.828117e-01	2.387785e+02	3.385207e-02	2.312756e-03	6.170372e-02
1	8516	948079	267	1.491261e-04	1.150448e+01	6.942857e-04	2.184379e+02	2.007470e-01	2.500023e-03	7.291098e-02
1	8516	902741	270	1.508017e-04	3.528709e+00	6.031472e-02	3.015898e+02	-1.106459e-01	2.528114e-03	5.340190e-02
1	8516	961082	289	1.614136e-04	1.152598e+01	6.863021e-04	2.382416e+02	1.931413e-01	2.706018e-03	7.235854e-02
1	8516	915627	308	1.720256e-04	1.546737e+02	1.650086e-35	1.569985e+02	6.738636e-01	2.883922e-03	1.170213e-01
1	8516	974199	318	1.776109e-04	1.130531e+02	2.100736e-26	1.798444e+02	5.699594e-01	2.977556e-03	1.054726e-01
1	8516	939832	335	1.871058e-04	3.248645e+02	1.262800e-72	1.333175e+02	9.213971e-01	3.136733e-03	1.498881e-01
1	8516	954692	336	1.876643e-04	1.759949e+02	3.630449e-40	1.689285e+02	6.876358e-01	3.146097e-03	1.186441e-01
1	8516	907016	347	1.938081e-04	1.386901e+02	5.148318e-32	1.898059e+02	6.033227e-01	3.249094e-03	1.090509e-01
1	8516	974200	359	2.005104e-04	1.462001e+02	1.173797e-33	1.952937e+02	6.088177e-01	3.361455e-03	1.096518e-01
1	8516	974201	368	2.055371e-04	1.686396e+02	1.466529e-38	1.931463e+02	6.446349e-01	3.445725e-03	1.136504e-01
1	8516	905236	382	2.133564e-04	6.715805e+00	9.556212e-03	3.360078e+02	1.282863e-01	3.576813e-03	6.781466e-02
1	8516	951530	382	2.133564e-04	5.508327e+02	8.295368e-122	1.263385e+02	1.106456e+00	3.576813e-03	1.803588e-01
1	8516	961269	392	2.189417e-04	1.277597e+01	3.511003e-04	3.292077e+02	1.745730e-01	3.670446e-03	7.102736e-02
1	8516	948637	404	2.256440e-04	1.299889e+00	2.542336e-01	4.267949e+02	-5.488873e-02	3.782807e-03	5.646401e-02
1	8516	906933	407	2.273196e-04	9.184775e+01	9.360840e-22	2.579261e+02	4.561401e-01	3.810897e-03	9.412581e-02
1	8516	904549	409	2.284366e-04	8.373550e+01	5.656040e-20	2.647858e+02	4.347938e-01	3.829624e-03	9.213787e-02
1	8516	922806	412	2.301122e-04	6.322298e+01	1.845825e-15	2.825615e+02	3.771271e-01	3.857714e-03	8.697488e-02
1	8516	970283	413	2.306707e-04	2.363691e+01	1.163343e-06	3.277761e+02	2.311168e-01	3.867077e-03	7.515924e-02
1	8516	968304	414	2.312292e-04	3.303875e+01	9.034042e-09	3.151900e+02	2.726904e-01	3.876441e-03	7.834974e-02
1	8516	997893	419	2.340219e-04	1.259777e+01	3.862082e-04	3.543203e+02	1.676696e-01	3.923258e-03	7.053872e-02
1	8516	997892	427	2.384901e-04	8.610727e-01	3.534387e-01	4.088403e+02	4.345940e-02	3.998165e-03	6.229939e-02
1	8516	904996	434	2.423997e-04	1.918311e+02	1.266627e-43	2.303678e+02	6.333672e-01	4.063708e-03	1.123770e-01
1	8516	929889	449	2.507776e-04	8.009992e+00	4.651994e-03	3.945840e+02	1.291909e-01	4.204159e-03	6.787604e-02
1	8516	998012	451	2.518947e-04	4.437096e+01	2.716881e-11	3.332639e+02	3.025327e-01	4.222886e-03	8.072311e-02
1	8516	950662	457	2.552458e-04	1.020306e+03	6.927724e-224	1.191208e+02	1.344545e+00	4.279066e-03	2.288433e-01
1	8516	907020	463	2.585970e-04	2.640047e+02	2.299421e-59	2.262520e+02	7.160776e-01	4.335247e-03	1.220670e-01
1	8516	941478	475	2.652992e-04	3.497223e+02	4.870843e-78	2.115185e+02	8.090024e-01	4.447607e-03	1.339538e-01
1	8516	922802	521	2.909914e-04	1.646528e+00	1.994321e-01	4.934238e+02	5.438153e-02	4.878323e-03	6.298356e-02
1	8516	920340	524	2.926670e-04	1.080145e+01	1.014206e-03	4.560830e+02	1.388169e-01	4.906413e-03	6.853257e-02
1	8516	941477	532	2.971352e-04	3.269707e+02	4.391245e-73	2.532734e+02	7.421739e-01	4.981320e-03	1.252944e-01
1	8516	942384	563	3.144494e-04	2.975280e+02	1.138522e-66	2.823229e+02	6.902282e-01	5.271585e-03	1.189520e-01
1	8516	915759	570	3.183591e-04	1.527130e+02	4.425878e-35	3.471027e+02	4.960157e-01	5.337129e-03	9.795498e-02
1	8516	915743	638	3.563388e-04	1.956024e+02	1.903424e-44	3.756153e+02	5.297728e-01	5.973839e-03	1.013181e-01
1	8516	953113	665	3.714189e-04	3.531119e+01	2.810131e-09	5.323752e+02	2.224385e-01	6.226650e-03	7.450980e-02
1	8516	989898	668	3.730945e-04	9.680429e+01	7.653006e-23	4.631217e+02	3.662983e-01	6.254740e-03	8.603812e-02
1	8516	968005	765	4.272714e-04	4.666220e+01	8.434029e-12	6.028217e+02	2.382543e-01	7.162988e-03	7.569761e-02
1	8516	950641	829	4.630170e-04	6.891167e+02	6.956385e-152	3.521133e+02	8.562673e-01	7.762245e-03	1.404371e-01
1	8516	939510	848	4.736290e-04	7.208147e+02	8.902455e-159	3.569449e+02	8.652992e-01	7.940149e-03	1.417112e-01
1	8516	956877	896	5.004382e-04	7.186458e+02	2.637148e-158	3.861137e+02	8.418085e-01	8.389592e-03	1.384211e-01
1	8516	903963	913	5.099331e-04	6.385142e+01	1.341657e-15	7.075669e+02	2.549037e-01	8.548769e-03	7.696847e-02
1	8516	997899	1021	5.702538e-04	1.156070e+01	6.736059e-04	9.213521e+02	1.026956e-01	9.560015e-03	6.610126e-02
1	8516	915626	1187	6.629689e-04	1.041573e+03	1.651786e-228	4.934238e+02	8.778159e-01	1.111434e-02	1.434961e-01
1	8516	987250	1289	7.199384e-04	3.646636e+02	2.717124e-81	7.752695e+02	5.084113e-01	1.206940e-02	9.917673e-02
1	8516	961050	1355	7.568010e-04	1.162239e+02	4.245489e-27	1.022339e+03	2.817080e-01	1.268738e-02	7.905946e-02
1	8516	906891	1356	7.573595e-04	3.089127e+02	3.767835e-69	8.586004e+02	4.569908e-01	1.269675e-02	9.420592e-02
1	8516	953102	1475	8.238240e-04	2.672340e+02	4.547394e-60	9.808230e+02	4.080212e-01	1.381099e-02	8.970383e-02
1	8516	957136	2802	1.564986e-03	1.002531e+03	5.059481e-220	1.587701e+03	5.680464e-01	2.623620e-02	1.052711e-01
1	8516	993653	2895	1.616929e-03	1.233183e+03	3.747933e-270	1.559904e+03	6.183608e-01	2.710700e-02	1.107032e-01
1	8516	967434	2909	1.624748e-03	1.699326e+03	0.000000e+00	1.415193e+03	7.205431e-01	2.723808e-02	1.226133e-01
1	8516	968985	2938	1.640946e-03	7.866079e+02	4.403169e-173	1.795342e+03	4.925334e-01	2.750962e-02	9.761446e-02
1	8516	968477	4570	2.552458e-03	1.832830e+03	0.000000e+00	2.513348e+03	5.978975e-01	4.279066e-02	1.084609e-01
1	8516	938330	9392	5.245664e-03	3.301224e+03	0.000000e+00	5.401893e+03	5.531087e-01	8.794090e-02	1.037102e-01
1	8516	8532	63392	3.540600e-02	9.601746e+01	1.138746e-22	6.185896e+04	2.448076e-02	5.935636e-01	6.112818e-02
1	8522	938330	31	1.731427e-05	1.279186e+01	3.481317e-04	1.674198e+01	6.160679e-01	9.365559e-02	3.423145e-04
1	8522	8532	166	9.271511e-05	8.200354e+00	4.188222e-03	1.917182e+02	-1.440389e-01	5.015106e-01	1.600719e-04
1	8527	904895	8	4.468198e-06	6.517132e+00	1.068402e-02	1.729303e+01	-7.708618e-01	1.912023e-05	1.081081e-01
1	8527	922809	8	4.468198e-06	1.516177e+00	2.181990e-01	1.168448e+01	-3.788197e-01	1.912023e-05	1.600000e-01
1	8527	974166	9	5.026723e-06	1.203667e+00	2.725899e-01	6.543307e+00	3.187819e-01	2.151026e-05	3.214286e-01
1	8527	992409	9	5.026723e-06	1.497017e+00	2.211309e-01	6.309618e+00	3.551495e-01	2.151026e-05	3.333333e-01
1	8527	994341	9	5.026723e-06	4.319427e+00	3.767962e-02	1.635827e+01	-5.975089e-01	2.151026e-05	1.285714e-01
1	8527	901659	10	5.585247e-06	1.784174e+01	2.400591e-05	3.037964e+01	-1.111188e+00	2.390029e-05	7.692308e-02
1	8527	906971	10	5.585247e-06	1.149046e-01	7.346280e-01	1.098341e+01	-9.380072e-02	2.390029e-05	2.127660e-01
1	8527	964406	10	5.585247e-06	4.487109e+00	3.415138e-02	5.608549e+00	5.782931e-01	2.390029e-05	4.166667e-01
1	8527	967566	10	5.585247e-06	5.992417e+00	1.436750e-02	5.141170e+00	6.653044e-01	2.390029e-05	4.545455e-01
1	8527	904332	11	6.143772e-06	5.483250e-03	9.409714e-01	1.121710e+01	-1.954395e-02	2.629032e-05	2.291667e-01
1	8527	904453	11	6.143772e-06	1.228249e+00	2.677479e-01	1.472244e+01	-2.914777e-01	2.629032e-05	1.746032e-01
1	8527	961047	11	6.143772e-06	3.270715e-05	9.954369e-01	1.098341e+01	1.509460e-03	2.629032e-05	2.340426e-01
1	8527	902519	12	6.702297e-06	6.697021e+00	9.657414e-03	6.309618e+00	6.428316e-01	2.868035e-05	4.444444e-01
1	8527	919097	12	6.702297e-06	1.430324e+00	2.317116e-01	8.880203e+00	3.010823e-01	2.868035e-05	3.157895e-01
1	8527	928002	12	6.702297e-06	4.945021e-01	4.819259e-01	1.004865e+01	1.774683e-01	2.868035e-05	2.790698e-01
1	8527	968002	12	6.702297e-06	1.430324e+00	2.317116e-01	8.880203e+00	3.010823e-01	2.868035e-05	3.157895e-01
1	8527	974886	12	6.702297e-06	2.325093e-01	6.296694e-01	1.355399e+01	-1.217746e-01	2.868035e-05	2.068966e-01
1	8527	922724	13	7.260822e-06	1.029703e+01	1.332443e-03	6.075928e+00	7.606146e-01	3.107037e-05	5.000000e-01
1	8527	929955	13	7.260822e-06	1.411658e+01	1.718228e-04	5.374859e+00	8.832169e-01	3.107037e-05	5.652174e-01
1	8527	929956	13	7.260822e-06	1.029703e+01	1.332443e-03	6.075928e+00	7.606146e-01	3.107037e-05	5.000000e-01
1	8527	935551	13	7.260822e-06	4.003032e+00	4.541849e-02	2.103206e+01	-4.810985e-01	3.107037e-05	1.444444e-01
1	8527	985406	13	7.260822e-06	7.656800e-01	3.815568e-01	1.051603e+01	2.120487e-01	3.107037e-05	2.888889e-01
1	8527	904131	14	7.819346e-06	4.325504e+00	3.754529e-02	8.646513e+00	4.819012e-01	3.346040e-05	3.783784e-01
1	8527	905344	14	7.819346e-06	1.674875e+00	1.956069e-01	1.892885e+01	-3.016300e-01	3.346040e-05	1.728395e-01
1	8527	915663	14	7.819346e-06	6.020740e+00	1.413872e-02	7.945444e+00	5.664586e-01	3.346040e-05	4.117647e-01
1	8527	915677	14	7.819346e-06	2.428517e+01	8.307627e-07	4.673791e+00	1.097087e+00	3.346040e-05	7.000000e-01
1	8527	948782	14	7.819346e-06	2.328713e+00	1.270069e-01	9.814961e+00	3.551495e-01	3.346040e-05	3.333333e-01
1	8527	966706	14	7.819346e-06	2.289006e-01	6.323402e-01	1.565720e+01	-1.118735e-01	3.346040e-05	2.089552e-01
1	8527	974884	14	7.819346e-06	2.328713e+00	1.270069e-01	9.814961e+00	3.551495e-01	3.346040e-05	3.333333e-01
1	8527	906939	15	8.377871e-06	1.302045e+01	3.081081e-04	6.776997e+00	7.945162e-01	3.585043e-05	5.172414e-01
1	8527	908503	15	8.377871e-06	9.873539e+00	1.676726e-03	7.478065e+00	6.960761e-01	3.585043e-05	4.687500e-01
1	8527	915676	15	8.377871e-06	2.013180e-01	6.536591e-01	1.355399e+01	1.013690e-01	3.585043e-05	2.586207e-01
1	8527	939259	15	8.377871e-06	1.916836e+00	1.662059e-01	1.098341e+01	3.116644e-01	3.585043e-05	3.191489e-01
1	8527	940101	15	8.377871e-06	9.022717e+00	2.666447e-03	2.921119e+01	-6.665017e-01	3.585043e-05	1.200000e-01
1	8527	948557	15	8.377871e-06	2.708576e+01	1.946267e-07	4.907480e+00	1.117290e+00	3.585043e-05	7.142857e-01
1	8527	948635	15	8.377871e-06	2.013180e-01	6.536591e-01	1.355399e+01	1.013690e-01	3.585043e-05	2.586207e-01
1	8527	993600	15	8.377871e-06	1.426283e+01	1.589730e-04	6.543307e+00	8.296075e-01	3.585043e-05	5.357143e-01
1	8527	951537	16	8.936396e-06	3.346373e+00	6.735325e-02	1.074972e+01	3.977091e-01	3.824046e-05	3.478261e-01
1	8527	984236	16	8.936396e-06	1.637984e+01	5.183354e-05	6.776997e+00	8.590547e-01	3.824046e-05	5.517241e-01
1	8527	975503	17	9.494920e-06	5.482938e+00	1.920295e-02	2.780906e+01	-4.921484e-01	4.063049e-05	1.428571e-01
1	8527	981807	17	9.494920e-06	8.175289e+00	4.246491e-03	9.347582e+00	5.980957e-01	4.063049e-05	4.250000e-01
1	8527	984237	17	9.494920e-06	4.301011e+00	3.808972e-02	1.098341e+01	4.368275e-01	4.063049e-05	3.617021e-01
1	8527	997881	17	9.494920e-06	6.064371e+00	1.379359e-02	2.851012e+01	-5.170459e-01	4.063049e-05	1.393443e-01
1	8527	906904	18	1.005345e-05	1.538849e+01	8.751980e-05	8.179134e+00	7.887855e-01	4.302052e-05	5.142857e-01
1	8527	917377	18	1.005345e-05	1.045155e+01	1.225466e-03	9.347582e+00	6.552541e-01	4.302052e-05	4.500000e-01
1	8527	930748	18	1.005345e-05	1.320415e+01	2.793305e-04	8.646513e+00	7.332156e-01	4.302052e-05	4.864865e-01
1	8527	950220	18	1.005345e-05	5.902586e+01	1.556131e-14	4.206412e+00	1.453762e+00	4.302052e-05	1.000000e+00
1	8527	951498	18	1.005345e-05	4.197025e+01	9.267275e-11	5.141170e+00	1.253091e+00	4.302052e-05	8.181818e-01
1	8527	980502	18	1.005345e-05	4.197025e+01	9.267275e-11	5.141170e+00	1.253091e+00	4.302052e-05	8.181818e-01
1	8527	915666	19	1.061197e-05	5.977077e+00	1.449300e-02	1.168448e+01	4.861778e-01	4.541055e-05	3.800000e-01
1	8527	917180	19	1.061197e-05	5.491482e+00	1.910934e-02	1.191817e+01	4.663751e-01	4.541055e-05	3.725490e-01
1	8527	923541	19	1.061197e-05	7.161444e+01	2.616347e-17	8.880203e+01	-1.541970e+00	4.541055e-05	5.000000e-02
1	8527	974885	19	1.061197e-05	3.487016e+00	6.185198e-02	1.308661e+01	3.728491e-01	4.541055e-05	3.392857e-01
1	8527	974887	19	1.061197e-05	3.160422e+00	7.544366e-02	1.332030e+01	3.551495e-01	4.541055e-05	3.333333e-01
1	8527	919010	20	1.117049e-05	1.900159e+00	1.680606e-01	2.617323e+01	-2.690048e-01	4.780058e-05	1.785714e-01
1	8527	924143	20	1.117049e-05	1.286062e+01	3.355693e-04	1.004865e+01	6.882939e-01	4.780058e-05	4.651163e-01
1	8527	938002	20	1.117049e-05	1.301254e+01	3.094119e-04	3.996091e+01	-6.921695e-01	4.780058e-05	1.169591e-01
1	8527	953076	20	1.117049e-05	4.766099e+00	2.902552e-02	1.308661e+01	4.241424e-01	4.780058e-05	3.571429e-01
1	8527	992612	20	1.117049e-05	1.696860e+01	3.800310e-05	9.113892e+00	7.859324e-01	4.780058e-05	5.128205e-01
1	8527	902430	21	1.172902e-05	7.818951e+00	5.170119e-03	1.238555e+01	5.279923e-01	5.019060e-05	3.962264e-01
1	8527	904546	21	1.172902e-05	4.463391e+01	2.375414e-11	6.309618e+00	1.202447e+00	5.019060e-05	7.777778e-01
1	8527	948078	21	1.172902e-05	3.190740e+01	1.616999e-08	7.478065e+00	1.032548e+00	5.019060e-05	6.562500e-01
1	8527	968170	21	1.172902e-05	3.190740e+01	1.616999e-08	7.478065e+00	1.032548e+00	5.019060e-05	6.562500e-01
1	8527	902736	22	1.228754e-05	2.863655e+01	8.731855e-08	8.412824e+00	9.612853e-01	5.258063e-05	6.111111e-01
1	8527	903228	22	1.228754e-05	4.418611e+01	2.985927e-11	7.104162e+01	-1.172223e+00	5.258063e-05	7.236842e-02
1	8527	915669	22	1.228754e-05	1.742592e+01	2.987242e-05	1.028234e+01	7.606146e-01	5.258063e-05	5.000000e-01
1	8527	919347	22	1.228754e-05	2.377630e+01	1.082064e-06	9.113892e+00	8.812426e-01	5.258063e-05	5.641026e-01
1	8527	942350	22	1.228754e-05	2.863655e+01	8.731855e-08	8.412824e+00	9.612853e-01	5.258063e-05	6.111111e-01
1	8527	907014	23	1.284607e-05	2.311425e+01	1.526555e-06	9.814961e+00	8.515864e-01	5.497066e-05	5.476190e-01
1	8527	929153	23	1.284607e-05	3.519149e+00	6.066360e-02	1.635827e+01	3.407608e-01	5.497066e-05	3.285714e-01
1	8527	904597	24	1.340459e-05	9.871129e+00	1.678924e-03	1.378768e+01	5.542782e-01	5.736069e-05	4.067797e-01
1	8527	965719	24	1.340459e-05	6.223680e+00	1.260529e-02	1.542351e+01	4.421609e-01	5.736069e-05	3.636364e-01
1	8527	987245	24	1.340459e-05	6.223680e+00	1.260529e-02	1.542351e+01	4.421609e-01	5.736069e-05	3.636364e-01
1	8527	997972	24	1.340459e-05	3.557765e+01	2.450833e-09	8.646513e+00	1.020898e+00	5.736069e-05	6.486486e-01
